ts,fuid,uid,id.orig_h,id.orig_p,id.resp_h,id.resp_p,source,depth,analyzers,mime_type,filename,duration,local_orig,is_orig,seen_bytes,total_bytes,missing_bytes,overflow_bytes,timedout,parent_fuid,md5,sha1,sha256,extracted,extracted_cutoff,extracted_size
1762166265.171422,FGUiEAwdIYT4vztj6,CXzQ5R30O1iNlrNwO5,192.168.7.205,41572,213.180.204.183,80,HTTP,0,"SHA1,MD5",application/x-debian-package,-,0.025201,F,F,101992,101992,0,0,F,-,ffe7433905054571c6586ddb74865d4a,20150fc770647d30cd2f4b0346bffbe0d12b74dd,-,-,-,-
1762166265.345529,F9Bh9Z1eYn6IH11vC3,C2EFs51qtigm2XAVL7,192.168.7.101,50366,48.209.180.244,443,SSL,0,"SHA1,MD5,OCSP_REPLY",application/ocsp-response,-,0.000000,F,F,1858,-,0,0,F,-,0008ad829f2c305205aabaadc3027df0,8b002e999a7af5801206b476399dde5c071c0543,-,-,-,-
1762166286.226991,FgTLIy1scIQ8hU8FRe,CuHTJ74I3RNFRffslb,192.168.7.101,61475,91.105.192.100,80,HTTP,0,"SHA1,MD5",-,-,0.000000,T,T,148,148,0,0,F,-,2bdb052b1645fbe7f54a17689d50bb0c,4fb6db2510968757b5407fb17b630882387fcfc5,-,-,-,-
1762166286.276123,FT2WTq4dea7yN6JUwl,CuHTJ74I3RNFRffslb,192.168.7.101,61475,91.105.192.100,80,HTTP,0,"SHA1,MD5",-,-,0.000000,F,F,192,192,0,0,F,-,992000b703517cd0880e1a31cf2ab070,1798da904b9ca1771768fa1b1ecbd6025b86b637,-,-,-,-
1762166321.954003,Fy9TrZ2uTul02tipi8,C9LqBEgueSTjuvGh8,192.168.7.101,61476,23.73.2.151,443,SSL,0,"SHA1,MD5,OCSP_REPLY",application/ocsp-response,-,0.000000,F,F,1050,-,0,0,F,-,c826e449d05d0bbd23ebc480e231a21a,b8cbaf91a29e207120904312fec07d3700ed5e95,-,-,-,-
1762166331.723137,FggV5oeQN8qZf2Ive,C8aaCW3201kC7DMyq7,192.168.7.101,58745,150.171.27.11,443,SSL,0,"SHA1,MD5,OCSP_REPLY",application/ocsp-response,-,0.000000,F,F,1858,-,0,0,F,-,4288bb046de6e35146b56c26150f7efc,d91ce3017cbe759f059e97264f18193a3bcad3f7,-,-,-,-
1762166337.095291,FmgeSm3UEaJmlF4iQ8,CGmESa33dpldqVMrn7,192.168.7.101,58746,52.123.129.14,443,SSL,0,"SHA1,MD5,OCSP_REPLY",application/ocsp-response,-,0.000000,F,F,1858,-,0,0,F,-,21f9d3373211032ae57201998d9c3bfa,3669bed72a9cad1d166e65a1c37b9d368cf574d4,-,-,-,-
1762166391.226559,Fd9WtW1sjOq30yFzni,Cu4QFk1M6xaMXQQwmh,192.168.7.205,52062,91.189.91.107,80,HTTP,0,"SHA1,MD5",text/html,-,0.000000,F,F,281,281,0,0,F,-,f2f9240db03281bce816817598cf215a,116dcd2b21c727a24c7f436e888286a407001fb9,-,-,-,-
1762166477.669920,FhZHCC0lSoT2Ws2Ol,Ccamuk3ffXErPQnt0l,192.168.7.101,53598,150.171.28.11,443,SSL,0,"SHA1,MD5,OCSP_REPLY",application/ocsp-response,-,0.000000,F,F,1858,-,0,0,F,-,e54fdc72099c1703434bfad23e65a2c1,570526cb35b2db00919b80bc7296a761d3785e97,-,-,-,-
1762166566.589279,FZDTyXcwn3ElHxaFb,C0mGm8f2q1lFWtAsi,192.168.7.101,55630,150.171.28.11,443,SSL,0,"SHA1,MD5,OCSP_REPLY",application/ocsp-response,-,0.000000,F,F,1858,-,0,0,F,-,e54fdc72099c1703434bfad23e65a2c1,570526cb35b2db00919b80bc7296a761d3785e97,-,-,-,-
1762166710.838355,Fmxa953VyCkqYxOsU8,Ckl8mL2Tkpuj1sSe5e,192.168.7.101,56127,52.123.129.14,443,SSL,0,"SHA1,MD5,OCSP_REPLY",application/ocsp-response,-,0.000000,F,F,1858,-,0,0,F,-,fb70ba141e82dfa933fc9dfef2cd5046,0ec2db0540bdcb3442107827a3bd6d50f63707b5,-,-,-,-
1762166873.311688,F2JHHncBJoX95Zurd,CzflVz3kFAZzcN1EIa,192.168.7.101,58362,150.171.28.11,443,SSL,0,"SHA1,MD5,OCSP_REPLY",application/ocsp-response,-,0.000000,F,F,1858,-,0,0,F,-,1e6611d61c669a27919e690144b40e6d,777636c37cdd8d0a7702fc860c768d55f361e156,-,-,-,-
1762166875.227321,F86ahy3UqMqCEj5z7f,CcB1lT2Is2r1xtOwj6,192.168.7.101,62168,20.143.38.0,443,SSL,0,"SHA1,MD5,OCSP_REPLY",application/ocsp-response,-,0.000000,F,F,1858,-,0,0,F,-,e7fb84db6b5b54d287469676fec296a7,d21a41116313f9f8ac7556f1e0d72b221bce4dbc,-,-,-,-
1762166876.916156,FmhF891pAuqXdQ02Qi,CMu1kQ1luq8kEPWri,192.168.7.101,53663,20.190.160.130,443,SSL,0,"SHA1,MD5,OCSP_REPLY",application/ocsp-response,-,0.000000,F,F,471,-,0,0,F,-,d3a87af3ce068ed32476477c87f080d9,8931825451f3690fe85764404782132405b1d798,-,-,-,-
1762166921.109152,F8vuc63SepfUJQz75g,C6UCLb3NIiM34Q1kEi,192.168.7.101,51913,20.190.160.130,443,SSL,0,"SHA1,MD5,OCSP_REPLY",application/ocsp-response,-,0.000000,F,F,471,-,0,0,F,-,d3a87af3ce068ed32476477c87f080d9,8931825451f3690fe85764404782132405b1d798,-,-,-,-
1762166921.700890,FlZnfI327PthRzsQYj,CcFv5S0CRphMjrrck,192.168.7.101,51914,23.73.2.134,443,SSL,0,"SHA1,MD5,OCSP_REPLY",application/ocsp-response,-,0.000000,F,F,1050,-,0,0,F,-,c826e449d05d0bbd23ebc480e231a21a,b8cbaf91a29e207120904312fec07d3700ed5e95,-,-,-,-
1762166937.556064,FlbYXM34zennM6dFjc,CfGpOMa1aMiFAo7Hk,192.168.7.101,61597,149.154.167.222,80,HTTP,0,"SHA1,MD5",-,-,0.000000,T,T,172,172,0,0,F,-,b1c321fea7e2b39dcd59d6d9e5fedff9,5e6362a41b17ee37d5fad7a36ff6ffac2b3a9429,-,-,-,-
1762166937.663298,FV18U93KMR1kVjGcAd,CfGpOMa1aMiFAo7Hk,192.168.7.101,61597,149.154.167.222,80,HTTP,0,"SHA1,MD5",-,-,0.000000,F,F,112,112,0,0,F,-,9b8ab0e4fb004e32faeacd42d456ea87,2555079a5a631cb466973fbff21f91ad1edf3136,-,-,-,-
1762166987.542611,Fru1Wf4hd3yompCp0k,CSvHUd2HqdDnVIWfta,192.168.7.101,56855,52.123.129.14,443,SSL,0,"SHA1,MD5,OCSP_REPLY",application/ocsp-response,-,0.000000,F,F,1858,-,0,0,F,-,fb70ba141e82dfa933fc9dfef2cd5046,0ec2db0540bdcb3442107827a3bd6d50f63707b5,-,-,-,-
1762166987.777757,Fa7p4o4rQYrHULsEyi,CCfoAC3NiTCyFCC3l9,192.168.7.101,56857,52.110.6.165,443,SSL,0,"SHA1,MD5,OCSP_REPLY",application/ocsp-response,-,0.000000,F,F,1858,-,0,0,F,-,d79e598ad6b5688e1c041a91a857174b,6fae737a4c6500dcf81e8ffdb413c9c4fcd4e65f,-,-,-,-
1762166988.385768,FlNZ7jEe9iYwwf73e,C2cRzo2wes0C7xLdR5,192.168.7.101,56858,52.109.89.119,443,SSL,0,"SHA1,MD5,OCSP_REPLY",application/ocsp-response,-,0.000000,F,F,1858,-,0,0,F,-,3b6f3b5da37124fe198bd00a51267fd3,a1d3cf93a79bf5467bea6e257b6b6cbb53bcb068,-,-,-,-
1762166999.840413,F2H7hu4qiJuNbpbBRf,C1hzuPyB73kv4BF97,192.168.7.101,56861,52.111.243.29,443,SSL,0,"SHA1,MD5,OCSP_REPLY",application/ocsp-response,-,0.000000,F,F,1858,-,0,0,F,-,b663e4ff8a3edbca8d185f735fc61666,2ecb8919fcd90072692f78d87a43d9b5ec30cf6f,-,-,-,-
1762167000.312191,FVA8jg2eoQOx1dpO2k,CYQKNQShVaxFqDRpl,192.168.7.101,56862,95.101.78.9,443,SSL,0,"SHA1,MD5,OCSP_REPLY",application/ocsp-response,-,0.000000,F,F,1048,-,0,0,F,-,de0c759607eb9a38ce30070ba6368b3e,4581f389f53168260e84c0a11d611377650cc827,-,-,-,-
1762167034.576169,F6sRSE4DbRKDnsis05,CA02Ap15xzCGaeRi72,192.168.7.101,49189,150.171.28.11,443,SSL,0,"SHA1,MD5,OCSP_REPLY",application/ocsp-response,-,0.000000,F,F,1858,-,0,0,F,-,ae30aea8549bdcdab2f28fdea16a57ea,02bcbebdba90c6d4e6933e9fba93340e004e5938,-,-,-,-
1762167047.206398,F2rtj04jz78WHJP052,C3FEjbud3KgA7FR84,192.168.7.101,50701,142.250.150.94,80,HTTP,0,"SHA1,MD5",-,-,0.000000,F,F,993,993,0,0,F,-,c22301b5245b697aa0d960e7d3a2d560,e7374c928dc3bb82bd18524598990cdc498d4549,-,-,-,-
1762167047.502769,FVEMel3jp5uz2GPTv4,C3FEjbud3KgA7FR84,192.168.7.101,50701,142.250.150.94,80,HTTP,0,"SHA1,MD5",-,-,0.000000,F,F,530,530,0,0,F,-,1fbb37f79b317a9a248e7c4ce4f5bac5,0ff4d709ebf17be0c28e66dc8bf74672ca28362a,-,-,-,-
1762167052.488516,FkRlqf4Ji1Hoyf8tLa,C79l8a1QcZGpj68sAc,192.168.7.101,60333,150.171.27.11,443,SSL,0,"SHA1,MD5,OCSP_REPLY",application/ocsp-response,-,0.000000,F,F,1858,-,0,0,F,-,4288bb046de6e35146b56c26150f7efc,d91ce3017cbe759f059e97264f18193a3bcad3f7,-,-,-,-
1762167062.180140,FSCGGz4qzSxsHGqTl6,C8CarC12DpIqq4SJR6,192.168.7.101,55646,91.105.192.100,80,HTTP,0,"SHA1,MD5",-,-,0.000000,T,T,196,196,0,0,F,-,8a8b195d49b44a75a61c6073f1da33ec,e2e40d7bf332095c2c143517a5feb0a74d32b1cf,-,-,-,-
1762167062.228115,FjTUzWigMnhDkZbY8,C8CarC12DpIqq4SJR6,192.168.7.101,55646,91.105.192.100,80,HTTP,0,"SHA1,MD5",-,-,0.000000,F,F,100,100,0,0,F,-,f0c3d99bc6633bbe9c47e17ed4871470,45dbf9f593ff36dfad0fd9f3fc14d2db6e6bedf9,-,-,-,-
1762167110.104064,FC1WWs3g49brQD4XN4,CFm2T94g3dI07rblq1,192.168.7.101,51825,199.232.192.193,443,SSL,0,"SHA1,MD5,OCSP_REPLY",application/ocsp-response,-,0.000000,F,F,471,-,0,0,F,-,f48c4ee117675a9759cb51cc19ab2f62,9bad8bf13a5b5a910ee08aea076e2d434041bf5f,-,-,-,-
1762167130.949978,Fug5zt3s3F7WVxbv4j,CVZeOw4laJ4VUY8Tf6,192.168.7.101,51024,20.190.160.130,443,SSL,0,"SHA1,MD5,OCSP_REPLY",application/ocsp-response,-,0.000000,F,F,471,-,0,0,F,-,d3a87af3ce068ed32476477c87f080d9,8931825451f3690fe85764404782132405b1d798,-,-,-,-
1762167132.872975,FTaLtFQq4TcJ57xjh,C9OtMr10G2kFauSyG7,192.168.7.101,58088,135.233.45.222,443,SSL,0,"SHA1,MD5,OCSP_REPLY",application/ocsp-response,-,0.000000,F,F,1858,-,0,0,F,-,b5d304249ccd4f9859ffeae7d02fb616,edafbe0cfd2e48d70b1fa9b1625528a26f92477b,-,-,-,-
1762167154.262352,FXxTII2oJwit6jktyc,CzXVkj2FTXCBcHYQB9,192.168.7.101,57988,91.105.192.100,80,HTTP,0,"SHA1,MD5",-,-,0.000000,T,T,228,228,0,0,F,-,63a70a2d62442576b02b2da07ad7adbb,53b2aefbbdd485a7f85247189f443209afb282e6,-,-,-,-
1762167154.320408,FaLrxl3dZICf3PSiA3,CzXVkj2FTXCBcHYQB9,192.168.7.101,57988,91.105.192.100,80,HTTP,0,"SHA1,MD5",-,-,0.000000,F,F,204,204,0,0,F,-,ef5bcd6a6727efbe0c341cc14e3ae333,cb81121ed65bfe8243ee8ad4c14b05da4fb2dd6b,-,-,-,-
1762167221.708165,FBdGBC3nfSK5cHAooe,CTvV4m1CZFT8ynGPo7,192.168.7.101,53641,23.73.2.151,443,SSL,0,"SHA1,MD5,OCSP_REPLY",application/ocsp-response,-,0.000000,F,F,1049,-,0,0,F,-,1044e44a92cbdb87dfbe86a0319a9c3c,384e76d8145dacd6a3b34d3f5fa0d099d2e3d104,-,-,-,-
1762167312.636274,F9RHaB1TvZyfokKvmd,CEsaNZ3up9au4jSuqh,192.168.7.101,64994,20.82.9.214,443,SSL,0,"SHA1,MD5,OCSP_REPLY",application/ocsp-response,-,0.000000,F,F,1858,-,0,0,F,-,0008ad829f2c305205aabaadc3027df0,8b002e999a7af5801206b476399dde5c071c0543,-,-,-,-
1762167363.177904,FChBGl60ThrnfFYvj,CLXvfg2XGtB9SHrQ48,192.168.7.101,52140,91.105.192.100,80,HTTP,0,"SHA1,MD5",-,-,0.000000,T,T,264,264,0,0,F,-,93470d6ab24b26aa314a6693bd6554b5,16f9caf120c921a48555cf6acd9ac82e0fbd0c16,-,-,-,-
1762167363.226665,FGKpZJ39cXykSjhE2c,CLXvfg2XGtB9SHrQ48,192.168.7.101,52140,91.105.192.100,80,HTTP,0,"SHA1,MD5",-,-,0.000000,F,F,152,152,0,0,F,-,c25ef0883222bceabfbdf42e635875a7,7e0bcb730c7f12bbbda4a338faa40f9afed8b7a1,-,-,-,-
1762167441.182573,FuqO5521iupR4kBFv,CNLYDcv0cCPfvBzUa,192.168.7.101,65324,91.105.192.100,80,HTTP,0,"SHA1,MD5",-,-,0.000000,T,T,236,236,0,0,F,-,daa6a45b76e23711ed7ab2d4fe9da4da,38c77d7351a769495bf208ab18f5cd43e0ef0100,-,-,-,-
1762167441.233921,F2Nctv4UJRTfBF4Epb,CNLYDcv0cCPfvBzUa,192.168.7.101,65324,91.105.192.100,80,HTTP,0,"SHA1,MD5",-,-,0.000000,F,F,204,204,0,0,F,-,4a86f36937dff8e21e492177d7293bd6,50d35bbe1d0966bdd7b335d91ebba0551625b3bd,-,-,-,-
1762167466.611340,FqGk2v1ylhfKs4Tcz9,CQDG863b3yXDH1TpZj,192.168.7.205,52648,3.211.176.227,80,HTTP,0,"SHA1,MD5",text/json,-,0.000000,F,F,256,256,0,0,F,-,96daf6dfd5b7666380a8329df8da6035,13a436602c9d69f683c05f1177dc9ae30c82083e,-,-,-,-
1762167491.749471,FwoiXjPNMcVOZBTZe,Cks1hX28lH2xP8qNA4,192.168.7.205,45690,3.211.176.227,80,HTTP,0,"SHA1,MD5",text/html,-,0.000000,F,F,122,122,0,0,F,-,2b04736d96787f2c09e31a234e40273e,1d629f8b728edcdcd9b9aeef861223ab0dc42592,-,-,-,-
1762167492.397357,FvxAEe4yEHcepFv5pj,CiUqWr49B4uycrtbpg,192.168.7.205,49966,54.85.23.59,80,HTTP,0,"SHA1,MD5",text/json,-,0.000000,F,F,306,306,0,0,F,-,b2360777295720488eb1c79e9a1b2bf2,6172bf26ac689d9aadee7cff43a1431e277ba87f,-,-,-,-
1762167492.468476,FqTFzs3pGpUCbUlfN1,C4z2Voeuh4HCSRDGl,192.168.7.205,45632,3.211.176.227,80,HTTP,0,"SHA1,MD5",text/json,-,0.000000,F,F,306,306,0,0,F,-,5ab6d57187b1c29c6d1e732831a30b5e,f33bba5e79cb083170f036423bf516506610489b,-,-,-,-
1762167492.571207,FS1U9J3WpE1ySreFEj,CsKsUz3Y6t4A0xmffi,192.168.7.205,57022,34.236.82.201,80,HTTP,0,"SHA1,MD5",text/json,-,0.000000,F,F,306,306,0,0,F,-,8634f1d784eae61c99906d297e4b9b29,69341a624e5022052fc5d1667c29e8ce59342de1,-,-,-,-
1762167492.612034,Fsk8NZ2CAJlDfygh5l,CVXxEA2mi7oEGdsvLe,192.168.7.205,56996,34.236.82.201,80,HTTP,0,"SHA1,MD5",text/json,-,0.000000,F,F,306,306,0,0,F,-,15f75b18f5d2e929b52c94307767f37e,6b21d93f6bee92be2d1883c3464d11c534f5c074,-,-,-,-
1762167492.789511,Fnp6No3bkH2QSyuA4a,CIQ9sP3x3sA0cYsQI2,192.168.7.205,45646,3.211.176.227,80,HTTP,0,"SHA1,MD5",text/json,-,0.000000,F,F,306,306,0,0,F,-,10d82b0c2d9a13a08969cb7b76e3a129,0e11abe7dd9f068956328f07b2c01589cab03e1d,-,-,-,-
1762167492.818254,FC69pa1BcR8bZUKAu2,CjnNy71rJkDC0U5R6a,192.168.7.205,45650,3.211.176.227,80,HTTP,0,"SHA1,MD5",text/json,-,0.000000,F,F,306,306,0,0,F,-,07e5b1cd53c276491a083b83b4b58c74,ab0e13d9fbcd848bc32649049cf0b3a7fea6c87d,-,-,-,-
1762167492.901644,FoKrQ4iALHYkHLX8c,CzqVnSgrF4MiKl5Ab,192.168.7.205,51054,52.20.222.128,80,HTTP,0,"SHA1,MD5",text/json,-,0.000000,F,F,306,306,0,0,F,-,a7cbf765fbbb84c1588c51934e6243f9,fe068907b8def2b3beb6fbae123ce5e01a6418ae,-,-,-,-
1762167492.929940,F5ZNLZ3YdubsK02rc7,CgM0J9S871kHGaXPi,192.168.7.205,45662,3.211.176.227,80,HTTP,0,"SHA1,MD5",text/json,-,0.000000,F,F,306,306,0,0,F,-,67ed49f472f502e9096406b3fdf95662,96ac4a49f11350584e925f50e6b09e4801730302,-,-,-,-
1762167492.987552,FZwTRL2fsvPq4dusml,CqbARJ20e6LHE0dQzl,192.168.7.205,51010,52.20.222.128,80,HTTP,0,"SHA1,MD5",text/json,-,0.000000,F,F,306,306,0,0,F,-,84b3d01861de883f27d57932e57c6ef2,262c568220ed396f428abb1c22084d1124fac762,-,-,-,-
1762167492.999702,Frjp4z33HyuigmY2Kb,CyQpRs3goqyOLgkxak,192.168.7.205,57072,34.236.82.201,80,HTTP,0,"SHA1,MD5",text/json,-,0.000000,F,F,306,306,0,0,F,-,ab616cd0243310a5271938caad4e8779,108461a9b931e449f61734b3c02edb0b90b1f32a,-,-,-,-
1762167493.068678,FkbXVU3wltWSEn3D4k,CwYyqU3FaC7EcTiSV9,192.168.7.205,56992,34.236.82.201,80,HTTP,0,"SHA1,MD5",text/json,-,0.000000,F,F,306,306,0,0,F,-,14ec4b07eb4f42a4d5ccdc6e22c656bb,3b5653c6c2e92c1256333f98f71169e26103c4cf,-,-,-,-
1762167493.228989,FTdnFV2lld5h9LC1va,CZMMBa1vkbWvgNYgpk,192.168.7.205,57088,34.236.82.201,80,HTTP,0,"SHA1,MD5",text/json,-,0.000000,F,F,306,306,0,0,F,-,56ca571d33c25a04320fc019d37a65d0,16bd6f8cc4473fe57bb95815d18719a563a4dbd5,-,-,-,-
1762167493.254132,FTBH4iB763GY9D0K3,Cwc1me4PADf0XLEyk,192.168.7.205,51022,52.20.222.128,80,HTTP,0,"SHA1,MD5",text/json,-,0.000000,F,F,306,306,0,0,F,-,255ebde917d8aedd6c4f236ce7a2075f,8776dbb66d05e6cee2f29c1a3b5cdc15bb322943,-,-,-,-
1762167493.356009,FkVppeOFdQYLcRjK4,CTbpGm3WJq2UWSeKJ4,192.168.7.205,57036,34.236.82.201,80,HTTP,0,"SHA1,MD5",text/json,-,0.000000,F,F,306,306,0,0,F,-,4a8aa63790a432f08ae53bd69a4dfbc3,33db58bc8e2c9f14cf6150e108d3bedc6e1b834e,-,-,-,-
1762167493.777605,Fl3Hru2EpqNWCK8DTj,CvrRUx4fSgN72DRH32,192.168.7.205,50982,52.20.222.128,80,HTTP,0,"SHA1,MD5",text/json,-,0.000000,F,F,306,306,0,0,F,-,ce2e716d50e65eecc0da16b94e4838c0,dc34a158ca7ba553dfbe43855618df696e3b84ae,-,-,-,-
1762167493.806148,F2epxO13VO8Myto16i,C25eIi4UjwAxL2NLJ5,192.168.7.205,51038,52.20.222.128,80,HTTP,0,"SHA1,MD5",text/json,-,0.000000,F,F,306,306,0,0,F,-,eca835ece9f409b334b5fb6727c745dc,a5744d66b42eff9681b119f0d4238caaaccde984,-,-,-,-
1762167493.867571,FV7sIJ33eWzM6bHZd8,CWFg0g8yCz5RXhYQ2,192.168.7.205,45720,3.211.176.227,80,HTTP,0,"SHA1,MD5",text/json,-,0.000000,F,F,306,306,0,0,F,-,d8d5047060ed89f540e05b2321f57cd0,f8afc45ad505346307aab89831ebd889ee988fbb,-,-,-,-
1762167493.901604,F7NqFE1ce5EXj7wF6f,Cppr2y2BKcxkBOv1T1,192.168.7.205,45714,3.211.176.227,80,HTTP,0,"SHA1,MD5",text/json,-,0.000000,F,F,306,306,0,0,F,-,80183668d04efbdd1182a732a286a831,ee3ff69245989a4c5c3225c6a4e5ab955b5f91c4,-,-,-,-
1762167493.925934,FFxJ5Q2Hkhilj7TRQe,CFdYvg3LYdj5gDOV2d,192.168.7.205,57012,34.236.82.201,80,HTTP,0,"SHA1,MD5",text/json,-,0.000000,F,F,306,306,0,0,F,-,9fd5698e03377a61e43cf839ffbc3087,63a1669f55bf054b19318d4fe1221bda8cd34c78,-,-,-,-
1762167493.976647,FADiMk4BftovjI4Iw6,CCoN3A2aHgVUmBWMLk,192.168.7.205,51026,52.20.222.128,80,HTTP,0,"SHA1,MD5",text/json,-,0.000000,F,F,306,306,0,0,F,-,70cd5bae502d7477102c532236056473,817c98aad7d8dfd104b2abb3bcf4e3d82a2f7ff2,-,-,-,-
1762167494.077004,FUgIzEDzNXuUD2QXj,C9uncj1FEOscv1Txw5,192.168.7.205,45688,3.211.176.227,80,HTTP,0,"SHA1,MD5",text/json,-,0.000000,F,F,306,306,0,0,F,-,24da934ee70b8573cea3fd1d71f103a8,95a6ea80d25eef411648c7c1b73d00a36cea7f08,-,-,-,-
1762167494.084922,FelYWD4R9JvwHaJ0Ui,CaLwbC2T5C3pg07WKi,192.168.7.205,57114,34.236.82.201,80,HTTP,0,"SHA1,MD5",text/json,-,0.000000,F,F,306,306,0,0,F,-,14192a82ab3ebf8454265739812818e5,31b370d4ea6b7e15545cc4eaefbec02bd71d7ac8,-,-,-,-
1762167494.108815,FNKKhk3Ju7eoQEx9V4,C1fqwk30tUEHttoiG8,192.168.7.205,51020,52.20.222.128,80,HTTP,0,"SHA1,MD5",text/json,-,0.000000,F,F,306,306,0,0,F,-,d7bb34e17f7522a5d9d4add8bb911a89,c92169ab28d9138b560906318c6bbafd0362f797,-,-,-,-
1762167494.110595,FvKB8D1gmsQmdhDGO7,Cy3XL647yhuKwri8n,192.168.7.205,57070,34.236.82.201,80,HTTP,0,"SHA1,MD5",text/json,-,0.000000,F,F,306,306,0,0,F,-,019f4dc92d85a28436b5644db645a9d1,ef2b2bde20f0e5b1bae03a071cf03d84f5dcc9b7,-,-,-,-
1762167494.217145,FwTDgJ3eC4eEd1hjAk,CW7pEF4MvsYWpSCBKg,192.168.7.205,57046,34.236.82.201,80,HTTP,0,"SHA1,MD5",text/json,-,0.000000,F,F,306,306,0,0,F,-,78cee2a7008fd3a18408335d45c4e8bb,33ef7a7d70c4cf5ed99d8a7ac1c4bfc80847b3f5,-,-,-,-
1762167494.272254,FeANTt3dnXCQUH36O8,CmcoV12sDxvqxAGdlg,192.168.7.205,45694,3.211.176.227,80,HTTP,0,"SHA1,MD5",text/json,-,0.000000,F,F,306,306,0,0,F,-,546e83ebe847641da5520203850f5e8c,e81c34a44dc3ee48eaa4782af002e13840326c5d,-,-,-,-
1762167494.274989,FJYiM32dGAMuj52qMh,CjwC4gtwzzHM4p2Cl,192.168.7.205,57148,34.236.82.201,80,HTTP,0,"SHA1,MD5",text/json,-,0.000000,F,F,306,306,0,0,F,-,77922d5e18c0157ac89a6c8b0f2b0c7f,d3feec6f7fab6d3f12578d208ca7d0710a350cf2,-,-,-,-
1762167494.376596,Fequo4OigYe3i9Du8,CXQVEP1pVQ1uZVqiRf,192.168.7.205,57054,34.236.82.201,80,HTTP,0,"SHA1,MD5",text/json,-,0.000000,F,F,306,306,0,0,F,-,4e27ef1c931b6a41d87daa3abd86cad0,4417e01e06d8b0afaf8320df39aa0537fe3569df,-,-,-,-
1762167494.446963,FAfALz4og2oifcn7cf,C0Epyn2Z9QpjDc0hg,192.168.7.205,49986,54.85.23.59,80,HTTP,0,"SHA1,MD5",text/json,-,0.000000,F,F,306,306,0,0,F,-,da6ab8f5e695e9eaf48c4e1a304c7856,4b87df30d967cf9e5d3f58d75c4067bc65c52996,-,-,-,-
1762167494.782200,Fg3dhf31UHSZ1J3tA2,C5F4i614u8z4WJfdd6,192.168.7.205,45624,3.211.176.227,80,HTTP,0,"SHA1,MD5",text/json,-,0.000000,F,F,306,306,0,0,F,-,3b533c7c0da81a4ee2fee67574dc4960,a083817c37055813a6d0b95820079d5bb6e41460,-,-,-,-
1762167495.138353,FR3Wa3CssB0ptxwG4,C9TGASIzZgROM3M0c,192.168.7.205,49972,54.85.23.59,80,HTTP,0,"SHA1,MD5",text/json,-,0.000000,F,F,306,306,0,0,F,-,cb47123694064adb07ca822975ebc2df,3069239b00ad547adb9f48e43a1ea93cf40137fd,-,-,-,-
1762167495.191002,Fnxn3L2G6VXvGXacua,CLFhyO2HqDrzipYIWc,192.168.7.205,57118,34.236.82.201,80,HTTP,0,"SHA1,MD5",text/json,-,0.000000,F,F,306,306,0,0,F,-,3f9cd65cd3acf081e0cd53853f508d16,fb96e1a9168b86dfe9c9a064b140d42c550ded8f,-,-,-,-
1762167495.366877,FcHuN5ksNHjuEYQcf,CDqM2K38JKizgfO9Hd,192.168.7.205,57102,34.236.82.201,80,HTTP,0,"SHA1,MD5",text/json,-,0.000000,F,F,306,306,0,0,F,-,431c685c40eaad657b99014717be61e7,2c3efe7049ce6a5149e4238bafc1bec24c1a1601,-,-,-,-
1762167495.654118,FjmLHkZW9w1jOyx44,Cu1DOh4EWBObVaKLE,192.168.7.205,45630,3.211.176.227,80,HTTP,0,"SHA1,MD5",text/json,-,0.000000,F,F,306,306,0,0,F,-,f661c7388043aa8860b51c4a117f5b69,514a8bedeaf498590e54054617cb1b494acc21d0,-,-,-,-
1762167495.783463,Fs5sBl18n2pCKC6Jxi,CEsTV8K7C1T38k37,192.168.7.205,50994,52.20.222.128,80,HTTP,0,"SHA1,MD5",text/json,-,0.000000,F,F,306,306,0,0,F,-,ed196fad2d76e24e67a9bb41e41b184d,0dcca53463e4ff9908bf9a659211399c4ab94650,-,-,-,-
1762167496.036368,FNhZAwQm2DG8QWqGb,Cm54eY24SQxHNa1I2g,192.168.7.205,51060,52.20.222.128,80,HTTP,0,"SHA1,MD5",text/json,-,0.000000,F,F,306,306,0,0,F,-,c82e7d5f78b84c2c24eab6a0f69f9b92,c66a77cf12babb61c3324b954a090ea6badb2882,-,-,-,-
1762167496.101007,FAgFva1sHPvf2qtEI,CoXvYJ1OYcLoQTT1b,192.168.7.205,50974,52.20.222.128,80,HTTP,0,"SHA1,MD5",text/json,-,0.000000,F,F,306,306,0,0,F,-,1a7c0f39d4c7550d389b80863655bd24,67ed70f0f47462063417a4d163bbb077e1a45a5a,-,-,-,-
1762167499.908781,FRTArk120SOYXfNrFc,CyiwC84FYWDCYoXtc9,192.168.7.205,45626,3.211.176.227,80,HTTP,0,"SHA1,MD5",text/json,-,0.000000,F,F,306,306,0,0,F,-,7b065d49a081038b99de1b2593e7acd7,c529a047892b4660f037ac78c145e756e4a8aa96,-,-,-,-
1762167506.275993,FeuGoVvYE9V5qCbm2,CtiITNFyIsDX6iuWd,192.168.7.205,57132,34.236.82.201,80,HTTP,0,"SHA1,MD5",text/json,-,0.000000,F,F,306,306,0,0,F,-,ebaf2f3209d1856febc40252a897f392,5e5cf3733cf4a8a5047e1073be8a54fb9540c2fe,-,-,-,-
1762167506.984543,FOe8KC1cMJZwSUsdGi,CJsWNq3VyuIzDfrPfj,192.168.7.205,45672,3.211.176.227,80,HTTP,0,"SHA1,MD5",text/json,-,0.000000,F,F,306,306,0,0,F,-,7cee29ea70c04e90371bfcb94aa615c9,647cdd7eace7a6814d86865753d5aaa677c42642,-,-,-,-
1762167507.068343,FzZHvd2UIJTLFEtkef,CrW6eD3PDOLy2GmxIb,192.168.7.205,57018,34.236.82.201,80,HTTP,0,"SHA1,MD5",text/json,-,0.000000,F,F,306,306,0,0,F,-,27ea3838217a880af2aa80e515394502,6fb95a142ad9e4f4aeed77e36db0b7fe84215aa8,-,-,-,-
1762167508.041350,FbNlph2LSONjBMHBtc,CrjCN23zeysseqSeXg,192.168.7.205,49974,54.85.23.59,80,HTTP,0,"SHA1,MD5",text/json,-,0.000000,F,F,306,306,0,0,F,-,f4bc167dbfdc36a136d2608780408a50,a9b19f66f48f4c51414933645f3126ecf3087070,-,-,-,-
1762167508.999853,FA9p4u4ry3DQufxkN5,CCB9A4nRJzEhQRN38,192.168.7.205,45702,3.211.176.227,80,HTTP,0,"SHA1,MD5",text/json,-,0.000000,F,F,306,306,0,0,F,-,4a4e1c551d2592fa6b9c64dbf4710688,98755c2a4f2d3b10ab02043397e6041538a5a235,-,-,-,-
1762167511.580328,FulLwT3hYsvIZZ3Qpb,C640FpyjfBcSBpJB4,192.168.7.205,51030,52.20.222.128,80,HTTP,0,"SHA1,MD5",text/json,-,0.000000,F,F,306,306,0,0,F,-,c943aea2cbb36b385054a1a8164fd27a,d4875f95736f47c14e5b65de842944711399c441,-,-,-,-
1762167511.600600,FVXaES2c1kAjerHQl6,CxWfab1neeN1QDP1W5,192.168.7.205,57068,34.236.82.201,80,HTTP,0,"SHA1,MD5",text/json,-,0.000000,F,F,306,306,0,0,F,-,5d11359fb13e7214d32a449bb497925c,41a2576f693ae3fbe8bbab7f8f9623263eb64a3a,-,-,-,-
1762167511.601001,FYL3Sk0klNLLh1a3,Ci5USD2Tbpzsss0m4b,192.168.7.205,45666,3.211.176.227,80,HTTP,0,"SHA1,MD5",text/json,-,0.000000,F,F,306,306,0,0,F,-,60aa3fe66ccc88e584a23ce221ebd8a6,144a71cce8da12070a96013e0be5d45aad47e561,-,-,-,-
1762167512.152402,F4sTkD3kXROEhF7wZk,CvZzxC2Ne4pT9nAi23,192.168.7.205,49994,54.85.23.59,80,HTTP,0,"SHA1,MD5",text/json,-,0.000000,F,F,306,306,0,0,F,-,548e19e7c475751d9744bd64bbf912f0,93e8931ea4e34c9bf265342e959cf592fa26bc0c,-,-,-,-
1762167517.101351,FBlqcb3DwUIzZVkGW7,CopunM1RXTiDoGmWDh,192.168.7.205,57106,34.236.82.201,80,HTTP,0,"SHA1,MD5",text/json,-,0.000000,F,F,306,306,0,0,F,-,e31bb236fcb2b3a5af24197ab7e4251a,d6cfb6a6e49bb9ef12713b9a76531f2bda5b87f2,-,-,-,-
1762167518.843833,Fi8VZP3TgDsdVaAngh,CorHXFpeRsE6sGIn2,192.168.7.205,45706,3.211.176.227,80,HTTP,0,"SHA1,MD5",text/json,-,0.000000,F,F,306,306,0,0,F,-,2506907c7268efcad8faa57f3a8c1872,3e5121e78c2ee5bcd107feda500efa4ef20882d9,-,-,-,-
1762167521.719639,FqoPN74pgwZmqzVzj,CjU7HH2By9BiwYuOuf,192.168.7.101,56323,184.51.88.75,443,SSL,0,"SHA1,MD5,OCSP_REPLY",application/ocsp-response,-,0.000000,F,F,1048,-,0,0,F,-,40933ea0adf13957b3ef7938a8e42e6f,6089c38550c5a81870d71ff17c3eafc26c355cbd,-,-,-,-
1762167561.152888,F4UjnS1vQk3CvmVimf,CO3NaP3EbkbKQKcYyg,192.168.7.101,55136,150.171.28.11,443,SSL,0,"SHA1,MD5,OCSP_REPLY",application/ocsp-response,-,0.000000,F,F,1858,-,0,0,F,-,1e6611d61c669a27919e690144b40e6d,777636c37cdd8d0a7702fc860c768d55f361e156,-,-,-,-
1762167561.267911,FuMBiH2YD2h0VyHd6k,CNOJ3z2VS4e0LcT8b7,192.168.7.101,54655,52.20.222.128,80,HTTP,0,"SHA1,MD5",text/json,-,0.000000,F,F,666,666,0,0,F,-,16faf6c32e78deca4eeda392c105f9fd,e3758068d79c83845497284e4c1153f692bdf752,-,-,-,-
1762167562.562267,FSZRhfLVfVwXsy7B3,CNOJ3z2VS4e0LcT8b7,192.168.7.101,54655,52.20.222.128,80,HTTP,0,"SHA1,MD5",text/html,-,0.000000,F,F,233,233,0,0,F,-,ca783981d8cff646eececb652f636a3b,c40de9ff0eb1a8adb68dcd7266d2e5c8f3610e8c,-,-,-,-
1762167613.751901,FISrWU3tR8y0BYsgS8,CU4s0cjuWBbpE3ZZi,192.168.7.101,58011,108.141.15.7,443,SSL,0,"SHA1,MD5,OCSP_REPLY",application/ocsp-response,-,0.000000,F,F,1858,-,0,0,F,-,67adc09197f6081b56f8d3d0029cd9bb,a1baaee21b441ff955161d7d132066319a54cf5a,-,-,-,-
1762167751.592182,FQ49w44Dq5FiqCoqul,CU6NSk1tiC9lsheey1,192.168.7.101,60358,4.251.34.76,443,SSL,0,"SHA1,MD5,OCSP_REPLY",application/ocsp-response,-,0.000000,F,F,1858,-,0,0,F,-,948b733ad32c17b40cdf92f0e2c152e5,856f5fe3920021d86619550b537ff8e74402a099,-,-,-,-
1762167761.156185,FsQ9B01mWeZjCeIaY6,CNhebK1BQhFRAEDULd,192.168.7.101,60382,149.154.167.151,80,HTTP,0,"SHA1,MD5",-,-,0.000000,T,T,272,272,0,0,F,-,31f7f176d45fec460210e8c202bea395,63e6b1efdfb007d18260d80d955c03faa91327a7,-,-,-,-
1762167761.256433,FfamNA3nDAdcVqj4A8,CNhebK1BQhFRAEDULd,192.168.7.101,60382,149.154.167.151,80,HTTP,0,"SHA1,MD5",-,-,0.000000,F,F,128,128,0,0,F,-,e63292f343cb40f970f4233245ca5715,20324d2cf0bb6d3f963cbda0ca420275da1f5351,-,-,-,-
1762167809.495928,FjGAHV2J8ywoCoz8Mg,CCnV694oNPSUjE8Vf3,192.168.7.101,55836,150.171.28.11,443,SSL,0,"SHA1,MD5,OCSP_REPLY",application/ocsp-response,-,0.000000,F,F,1858,-,0,0,F,-,1e6611d61c669a27919e690144b40e6d,777636c37cdd8d0a7702fc860c768d55f361e156,-,-,-,-
1762167821.793937,FnVKeA4e6PKLMgUbX5,Cq5dc8pQMJvjI8u43,192.168.7.101,61130,95.101.78.65,443,SSL,0,"SHA1,MD5,OCSP_REPLY",application/ocsp-response,-,0.000000,F,F,1048,-,0,0,F,-,9d88c6c930bc995ed1f65059029c629c,4252ad4bcd5fe2da928f15ed00aaed4479c60972,-,-,-,-
1762167940.496707,FFsYou4ZiAhWzLVDPi,CBDdqV1iEPaEoOQmn8,192.168.7.101,58849,150.171.27.11,443,SSL,0,"SHA1,MD5,OCSP_REPLY",application/ocsp-response,-,0.000000,F,F,1858,-,0,0,F,-,4288bb046de6e35146b56c26150f7efc,d91ce3017cbe759f059e97264f18193a3bcad3f7,-,-,-,-
1762168071.829720,FF4zAr14aBxnyZDqk5,C1RcZX2gpMvchKhxV8,192.168.7.101,51935,150.171.27.11,443,SSL,0,"SHA1,MD5,OCSP_REPLY",application/ocsp-response,-,0.000000,F,F,1858,-,0,0,F,-,e54fdc72099c1703434bfad23e65a2c1,570526cb35b2db00919b80bc7296a761d3785e97,-,-,-,-
1762168106.751433,FyNKGW3Wk4b6cm9jEl,C8Rq1drcMtyFp9cvf,192.168.7.101,51895,150.171.28.11,443,SSL,0,"SHA1,MD5,OCSP_REPLY",application/ocsp-response,-,0.000000,F,F,1858,-,0,0,F,-,1e6611d61c669a27919e690144b40e6d,777636c37cdd8d0a7702fc860c768d55f361e156,-,-,-,-
1762168121.730035,Fo9hxM2mZ8yslfipE7,CAS5cF1LdnfVGcrrB3,192.168.7.101,51425,23.73.2.134,443,SSL,0,"SHA1,MD5,OCSP_REPLY",application/ocsp-response,-,0.000000,F,F,1050,-,0,0,F,-,c826e449d05d0bbd23ebc480e231a21a,b8cbaf91a29e207120904312fec07d3700ed5e95,-,-,-,-
1762168421.721197,FqwdR5uv2uZSJ6cuf,CSbmbmWItvWJWsNk1,192.168.7.101,57536,184.51.88.42,443,SSL,0,"SHA1,MD5,OCSP_REPLY",application/ocsp-response,-,0.000000,F,F,1048,-,0,0,F,-,bff328fc4d80dc500d745237ad6e957f,bb11da75f8c9afaf2f72d13bb05ad77eb285ded2,-,-,-,-
1762168452.062622,F8Pwdj4rJLzlSrzZw7,CUnnQB4nMdgn9XZRe1,192.168.7.101,65190,150.171.28.11,443,SSL,0,"SHA1,MD5,OCSP_REPLY",application/ocsp-response,-,0.000000,F,F,1858,-,0,0,F,-,e54fdc72099c1703434bfad23e65a2c1,570526cb35b2db00919b80bc7296a761d3785e97,-,-,-,-
1762168486.774043,FNfugw2X3T1wLEaLxf,Co4u8e3jgudq3mWXUd,192.168.7.101,64883,172.205.80.42,443,SSL,0,"SHA1,MD5,OCSP_REPLY",application/ocsp-response,-,0.000000,F,F,1858,-,0,0,F,-,67adc09197f6081b56f8d3d0029cd9bb,a1baaee21b441ff955161d7d132066319a54cf5a,-,-,-,-
1762168663.245638,Fvqpis3sj0RRkuj873,CKcrWV3heMEir3sUka,192.168.7.101,51238,91.105.192.100,80,HTTP,0,"SHA1,MD5",-,-,0.000000,T,T,188,188,0,0,F,-,434178cd0a0c36d6758c87cf6c02dcdb,528228ec4d3760f24964f9a6aff5158a758d2957,-,-,-,-
1762168663.296286,F5tnSZ1AjnBN1Afdi3,CKcrWV3heMEir3sUka,192.168.7.101,51238,91.105.192.100,80,HTTP,0,"SHA1,MD5",-,-,0.000000,F,F,176,176,0,0,F,-,a098cbc975c43f56253bd128cc9870a1,7046aad0757a4db2a0968b702e017289e15a4e47,-,-,-,-
1762168668.474860,Fj9P5l2nlhxqJnLvme,CsQji53Q8pMj5poRCk,192.168.7.101,56463,150.171.27.11,443,SSL,0,"SHA1,MD5,OCSP_REPLY",application/ocsp-response,-,0.000000,F,F,1858,-,0,0,F,-,e54fdc72099c1703434bfad23e65a2c1,570526cb35b2db00919b80bc7296a761d3785e97,-,-,-,-
1762168680.717680,FbMTIK1l6eNiDQrAxh,CIEQTtiP8j76p0beg,192.168.7.101,50067,150.171.27.11,443,SSL,0,"SHA1,MD5,OCSP_REPLY",application/ocsp-response,-,0.000000,F,F,1858,-,0,0,F,-,4288bb046de6e35146b56c26150f7efc,d91ce3017cbe759f059e97264f18193a3bcad3f7,-,-,-,-
1762168721.722838,FaMH74JaBgAQTRyP8,C4iIGf18h4mS9B9roa,192.168.7.101,58199,23.73.2.151,443,SSL,0,"SHA1,MD5,OCSP_REPLY",application/ocsp-response,-,0.000000,F,F,1049,-,0,0,F,-,e8d7963f2d325173bf6d0b32638b898a,64ef59b82181a68515e679d6443ec33d3c2b9551,-,-,-,-
1762168734.180470,FGPsFw4sZIKzE3MSad,CKxjAw2P75MCwZZbz6,192.168.7.101,51102,91.105.192.100,80,HTTP,0,"SHA1,MD5",-,-,0.000000,T,T,232,232,0,0,F,-,c64667eb45e99373f36ee894884cc093,8887c6f11d5053e1dcaba1cbeb110023772fa29b,-,-,-,-
1762168734.229889,FOrT9d3zBc4nN35qwa,CKxjAw2P75MCwZZbz6,192.168.7.101,51102,91.105.192.100,80,HTTP,0,"SHA1,MD5",-,-,0.000000,F,F,108,108,0,0,F,-,4c732a64cb1cb163d6bbe894b99493b5,6be69440864eb5f1d2f39852ebbf8d94a111e871,-,-,-,-
1762168935.116857,FbOThL1n1wuvYJScN5,Cye0GK2FlrQgwXjopf,192.168.7.101,54047,91.105.192.100,80,HTTP,0,"SHA1,MD5",-,-,0.000000,T,T,212,212,0,0,F,-,533e8b5b1fea43e551414745a8dbce6e,6649203f474e304bdde8fcfee449941540b7d8d6,-,-,-,-
1762168935.167696,FSMxbx2gHDAJDd8Trf,Cye0GK2FlrQgwXjopf,192.168.7.101,54047,91.105.192.100,80,HTTP,0,"SHA1,MD5",-,-,0.000000,F,F,104,104,0,0,F,-,00bcf88141ac71ea3108ed57ae5d5aed,99ead1fda192e3ac38f021673d6a2e6d3590e3ab,-,-,-,-
1762169021.714608,FJVNle1o95N6no90hb,CG5EYG30ln9rmdxrT7,192.168.7.101,58126,23.73.2.134,443,SSL,0,"SHA1,MD5,OCSP_REPLY",application/ocsp-response,-,0.000000,F,F,1050,-,0,0,F,-,c826e449d05d0bbd23ebc480e231a21a,b8cbaf91a29e207120904312fec07d3700ed5e95,-,-,-,-
1762169119.331461,Fe5hqltwg0bSAK2qk,CNSRJEpZoN3q9AKCe,192.168.7.101,61274,91.105.192.100,80,HTTP,0,"SHA1,MD5",-,-,0.000000,T,T,92,92,0,0,F,-,32dfb178d7d637c2044f3a40ca13c90c,331f69d4711bec38d1156bcb727aa3affe9bfb7e,-,-,-,-
1762169119.379643,FNI7pB23G78iJasJY9,CNSRJEpZoN3q9AKCe,192.168.7.101,61274,91.105.192.100,80,HTTP,0,"SHA1,MD5",-,-,0.000000,F,F,120,120,0,0,F,-,2ef6586e855d14df843da7595925cde4,3fc54a955c7e9d5042bfdba6ef13227102bd51eb,-,-,-,-
1762169279.145105,F8qEAKmWT0R43h4ra,C2G3Mi4SYWJrTx1zz5,192.168.7.101,53775,91.105.192.100,80,HTTP,0,"SHA1,MD5",-,-,0.000000,T,T,184,184,0,0,F,-,7edb5d24a3e1c215f95ce602645df2b2,77d23164c9271999f82375bd766a40afdbed3392,-,-,-,-
1762169279.200062,FwLChw1NJaliN9uhzd,C2G3Mi4SYWJrTx1zz5,192.168.7.101,53775,91.105.192.100,80,HTTP,0,"SHA1,MD5",-,-,0.000000,F,F,196,196,0,0,F,-,5dbff03c64f4d01a4deddf9677892cd3,ad086af2dbbdf469d4e33434ccab714c766f67bc,-,-,-,-
1762169321.713522,F5EMvzMKZ9TBOFcU6,Cs7aEY2sWxfeeYRHml,192.168.7.101,64475,23.73.2.135,443,SSL,0,"SHA1,MD5,OCSP_REPLY",application/ocsp-response,-,0.000000,F,F,1047,-,0,0,F,-,022c9f6338f415a7d130c36d7612d6d2,afc2b69fb6e71b3f405deb1adc08539ca6598ae2,-,-,-,-
1762169564.230874,FTt4os1tQW08rFcaTf,ClqqbK3WjfXLHWSEx2,192.168.7.101,62017,20.42.73.30,443,SSL,0,"SHA1,MD5,OCSP_REPLY",application/ocsp-response,-,0.000000,F,F,1858,-,0,0,F,-,9c5f251f4f3906355f6e7c7d56790ac6,459109a04b986eb5cc28d987ad7f3fa15fc38bba,-,-,-,-
1762169621.821225,FyaX6a4zT2gvkx1QId,CrxlqT1jCcpxibYjY5,192.168.7.101,64917,95.101.78.9,443,SSL,0,"SHA1,MD5,OCSP_REPLY",application/ocsp-response,-,0.000000,F,F,1048,-,0,0,F,-,9d88c6c930bc995ed1f65059029c629c,4252ad4bcd5fe2da928f15ed00aaed4479c60972,-,-,-,-
1762169921.825087,F20OLf3frCdSNnfF8j,C5dyQOhZ3JLz7GHHb,192.168.7.101,59753,95.101.78.9,443,SSL,0,"SHA1,MD5,OCSP_REPLY",application/ocsp-response,-,0.000000,F,F,1048,-,0,0,F,-,9d88c6c930bc995ed1f65059029c629c,4252ad4bcd5fe2da928f15ed00aaed4479c60972,-,-,-,-
1762169996.180168,FlZYN5qe2wZCZfIo,CWsiCs1fWGn3mx5tg1,192.168.7.101,50646,91.105.192.100,80,HTTP,0,"SHA1,MD5",-,-,0.000000,T,T,260,260,0,0,F,-,c7c6d274899ba8eb282cfa9c5162f996,fa3272f3a4db953636f8ba6e341d5c545f9f5dfb,-,-,-,-
1762169996.229127,FWV2xhm4Jl7xiToQg,CWsiCs1fWGn3mx5tg1,192.168.7.101,50646,91.105.192.100,80,HTTP,0,"SHA1,MD5",-,-,0.000000,F,F,100,100,0,0,F,-,6014ee2f3ad65e73a9a3c19baa475f5a,14c23f75713112a4669629a6c5fd6dce455f5577,-,-,-,-
1762170004.303779,FLxFMi3BrTvlMJ8dUi,CufjRN10Ow7t7Nwcog,192.168.7.101,50648,91.105.192.100,80,HTTP,0,"SHA1,MD5",-,-,0.000000,T,T,200,200,0,0,F,-,f14d63b3b21515a62b4a52eaa4a82670,fb9fbf0a509a6d4411c993ec5aebaa6bf51f2021,-,-,-,-
1762170004.353110,FqQGu41tXY9rM6fM06,CufjRN10Ow7t7Nwcog,192.168.7.101,50648,91.105.192.100,80,HTTP,0,"SHA1,MD5",-,-,0.000000,F,F,136,136,0,0,F,-,aae206256deb0015079fac679522de93,6a226831bcd39bd24be12273cab491e790b37a7d,-,-,-,-
1762170014.662348,FnSkM2HhQQplkFVH2,CWKwMP1C3PjCpa3Bd1,192.168.7.101,51611,150.171.27.11,443,SSL,0,"SHA1,MD5,OCSP_REPLY",application/ocsp-response,-,0.000000,F,F,1858,-,0,0,F,-,4288bb046de6e35146b56c26150f7efc,d91ce3017cbe759f059e97264f18193a3bcad3f7,-,-,-,-
1762170079.083098,FBvnT54Xo1OaJR3aA8,CRAavd2H0EZI0LQ3O1,192.168.7.101,57090,150.171.27.11,443,SSL,0,"SHA1,MD5,OCSP_REPLY",application/ocsp-response,-,0.000000,F,F,1858,-,0,0,F,-,4288bb046de6e35146b56c26150f7efc,d91ce3017cbe759f059e97264f18193a3bcad3f7,-,-,-,-
1762170210.218979,FJTdMm3fzx2q5sNZ5h,CHIZXB1bhx8G5FYoFd,192.168.7.101,56921,91.105.192.100,80,HTTP,0,"SHA1,MD5",-,-,0.000000,T,T,172,172,0,0,F,-,7ba14b723a8abaa03073f9c7b794f264,592d34fc47b3d58d31b91eb274bc157d0dae55be,-,-,-,-
1762170210.268388,FJ4OrD2bF8ADoOkjRe,CHIZXB1bhx8G5FYoFd,192.168.7.101,56921,91.105.192.100,80,HTTP,0,"SHA1,MD5",-,-,0.000000,F,F,140,140,0,0,F,-,911203f88ab76ced10ee6c9a88b851ce,8d4477774955629645ef4ae51e1f5d4e203650fa,-,-,-,-
1762170221.733226,Fm47Mz19PET1QU0nxi,CipfcR1mqtXG2USIMk,192.168.7.101,56922,184.51.88.75,443,SSL,0,"SHA1,MD5,OCSP_REPLY",application/ocsp-response,-,0.000000,F,F,1048,-,0,0,F,-,40933ea0adf13957b3ef7938a8e42e6f,6089c38550c5a81870d71ff17c3eafc26c355cbd,-,-,-,-
1762170228.883986,FSJ1uKkCbSdj0JJt2,CecSXR1tufz2P5KM65,192.168.7.101,56923,52.111.227.13,443,SSL,0,"SHA1,MD5,OCSP_REPLY",application/ocsp-response,-,0.000000,F,F,1858,-,0,0,F,-,284efbb4d5e07f3735d2831f1668f853,a1d2d7b92fecf9d4a968d8d610c31b75ea08c439,-,-,-,-
1762170521.732558,FqNer81KJUEDs9Kij2,CpWWdR2aUMjzKwEG69,192.168.7.101,59628,184.51.88.32,443,SSL,0,"SHA1,MD5,OCSP_REPLY",application/ocsp-response,-,0.000000,F,F,1049,-,0,0,F,-,e8b9262420e4a241ec4cc28e3b430b2e,df39000acd396f26875f582838b6486565a22e3b,-,-,-,-
1762170821.730680,FoldM44WwQZJ3MdQk9,CLVY172UrUqJo4hKV9,192.168.7.101,57716,184.51.88.32,443,SSL,0,"SHA1,MD5,OCSP_REPLY",application/ocsp-response,-,0.000000,F,F,1048,-,0,0,F,-,bff328fc4d80dc500d745237ad6e957f,bb11da75f8c9afaf2f72d13bb05ad77eb285ded2,-,-,-,-
1762170905.549990,F1MZGv4Riu6tbP1Zig,Cm7P8U3cVp3Jch5rcl,192.168.7.101,64888,108.177.14.94,80,HTTP,0,"SHA1,MD5",-,-,0.000000,F,F,993,993,0,0,F,-,c22301b5245b697aa0d960e7d3a2d560,e7374c928dc3bb82bd18524598990cdc498d4549,-,-,-,-
1762170905.897198,FGGdmx4cD45dPVAmNi,Cm7P8U3cVp3Jch5rcl,192.168.7.101,64888,108.177.14.94,80,HTTP,0,"SHA1,MD5",-,-,0.000000,F,F,530,530,0,0,F,-,1fbb37f79b317a9a248e7c4ce4f5bac5,0ff4d709ebf17be0c28e66dc8bf74672ca28362a,-,-,-,-
1762170914.806853,FFbaQo4wkqQ5mNzIj3,Cs2WLd219V37fzMZwi,192.168.7.101,64891,52.123.128.14,443,SSL,0,"SHA1,MD5,OCSP_REPLY",application/ocsp-response,-,0.000000,F,F,1858,-,0,0,F,-,f2a7040eae92396630d67560e53a0aee,4b28838873f2f440eaaac35c685ea789b7c0329f,-,-,-,-
1762170982.238562,FD5rea2JqUPa9P5cOl,CPVAyp3M1zKXyMHfa4,192.168.7.101,57784,91.105.192.100,80,HTTP,0,"SHA1,MD5",-,-,0.000000,T,T,232,232,0,0,F,-,4d9e8606c2f3bc0ad0332377027e565f,d60f8d9c7f32db7ff9f849f646c5ec260009065f,-,-,-,-
1762170982.287174,FHEUlJ1s59pRWAB7rj,CPVAyp3M1zKXyMHfa4,192.168.7.101,57784,91.105.192.100,80,HTTP,0,"SHA1,MD5",-,-,0.000000,F,F,196,196,0,0,F,-,bf60c3125f72d353934221fce7cc4dfd,6580e7539aa5a3cb367d0465a9f822b96ebd8ea5,-,-,-,-
1762171121.766429,FcjmKM27rFFTzsFk37,C2xJki1VrAzROqlpeg,192.168.7.101,56786,23.73.2.135,443,SSL,0,"SHA1,MD5,OCSP_REPLY",application/ocsp-response,-,0.000000,F,F,1047,-,0,0,F,-,022c9f6338f415a7d130c36d7612d6d2,afc2b69fb6e71b3f405deb1adc08539ca6598ae2,-,-,-,-
1762171127.709915,FFnQcK1Zmq2Nd8gmMg,Cc8Ad54OqEK2QxWXSe,192.168.7.205,47568,213.180.204.183,80,HTTP,0,"SHA1,MD5",text/plain,-,0.026172,F,F,128049,128049,0,0,F,-,679b6baf39c1d648a0ce744c546845b2,4d65abbdb5174e930195b87eb3efbf444aaeba94,-,-,-,-
1762171127.742808,FodNfU23N1ETw1yu2,Cc8Ad54OqEK2QxWXSe,192.168.7.205,47568,213.180.204.183,80,HTTP,0,"SHA1,MD5",text/plain,-,0.003065,F,F,116313,127185,10872,0,F,-,-,-,-,-,-,-
1762171128.228334,Fn95CcKVqyvNRmcMc,Cc8Ad54OqEK2QxWXSe,192.168.7.205,47568,213.180.204.183,80,HTTP,0,"SHA1,MD5",application/x-xz,-,0.008740,F,F,111948,111948,0,0,F,-,ff5195f3af72989d735adbc6745b2391,978fe0c39533c198e0cfdf3e5a4cb7d502c24e92,-,-,-,-
1762171128.278688,FYG3Db1v6x8R66LGCj,Cc8Ad54OqEK2QxWXSe,192.168.7.205,47568,213.180.204.183,80,HTTP,0,"SHA1,MD5",application/x-xz,-,0.000000,F,F,212,212,0,0,F,-,7665bd25d177ceedd630989d00711666,fc00b3c24869df5fab6f2c1f0c4b36d25680d4ff,-,-,-,-
1762171128.278688,FSn6Le1ZWViq9HciOj,Cc8Ad54OqEK2QxWXSe,192.168.7.205,47568,213.180.204.183,80,HTTP,0,"SHA1,MD5",application/x-xz,-,0.019741,F,F,337484,359228,21744,0,F,-,-,-,-,-,-,-
1762171128.298429,FYzopc59sSyausihk,Cc8Ad54OqEK2QxWXSe,192.168.7.205,47568,213.180.204.183,80,HTTP,0,"SHA1,MD5",application/x-xz,-,0.006836,F,F,940,940,0,0,F,-,589ac0ba90102f2c6063ae6dcbbb7b16,2e9d780337cc1200d63d6556ae51f68eff484395,-,-,-,-
1762171127.932743,Fl71Ic4lt30IqnY3o,CUjCmlL5weuGxvM17,192.168.7.205,50332,91.189.91.81,80,HTTP,0,"SHA1,MD5",text/plain,-,0.473518,F,F,128927,128927,0,0,F,-,2fbee383b70cd4071a738b548f1f266b,8f4fb444801f6fddbb89de3e415566d8cb5ee03b,-,-,-,-
1762171128.516022,FXFHP93zbOWeLSeeG5,CAoMLG1OWzZ0FyNg7i,192.168.7.101,56787,48.209.144.71,443,SSL,0,"SHA1,MD5,OCSP_REPLY",application/ocsp-response,-,0.000000,F,F,1858,-,0,0,F,-,67adc09197f6081b56f8d3d0029cd9bb,a1baaee21b441ff955161d7d132066319a54cf5a,-,-,-,-
1762171128.641225,FlAkv242QoYGHFRXda,Cc8Ad54OqEK2QxWXSe,192.168.7.205,47568,213.180.204.183,80,HTTP,0,"SHA1,MD5",application/x-xz,-,0.000299,F,F,7148,7148,0,0,F,-,a8cc3d9440b7a0b80fc0fa72caebb694,d77deda92214325fc7e2ee0faf214bf6f05e7809,-,-,-,-
1762171128.652655,FHR1WS1ZYKlWchWJd3,Cc8Ad54OqEK2QxWXSe,192.168.7.205,47568,213.180.204.183,80,HTTP,0,"SHA1,MD5",application/x-xz,-,0.000000,F,F,212,212,0,0,F,-,46fa8861b9f3c20016fda19d23130e4b,1083e6408402d8661162b7ed893c4b718c17bfef,-,-,-,-
1762171128.652655,FlADRB1UVz1yBW8Yf6,Cc8Ad54OqEK2QxWXSe,192.168.7.205,47568,213.180.204.183,80,HTTP,0,"SHA1,MD5",application/x-xz,-,0.000225,F,F,9724,9724,0,0,F,-,733d8be6840deb46cb804cc925ec315a,3aae54375402d2446b954bd70063919c3e6f003d,-,-,-,-
1762171128.652880,Fk6RVP6VRd2U0i6jf,Cc8Ad54OqEK2QxWXSe,192.168.7.205,47568,213.180.204.183,80,HTTP,0,"SHA1,MD5",application/x-xz,-,0.000000,F,F,212,212,0,0,F,-,0db421afdc22143abab06dbf64f99343,a094a4b7bf821c66d3c363a48ad7c1db603d5760,-,-,-,-
1762171128.978967,FDCE2K2cDkWVwJtNjc,CUjCmlL5weuGxvM17,192.168.7.205,50332,91.189.91.81,80,HTTP,0,"SHA1,MD5",application/x-xz,-,0.040983,F,F,54512,54512,0,0,F,-,0e6bb85f339652bd1134b83e6b3ee1c9,f844ebdd420c0a999b8d4f2dbea6f6e3a0a29555,-,-,-,-
1762171129.161505,FO7uxa47p4Bzoe8ZCl,CUjCmlL5weuGxvM17,192.168.7.205,50332,91.189.91.81,80,HTTP,0,"SHA1,MD5",application/x-xz,-,0.000000,F,F,208,208,0,0,F,-,65d88a41899ccf2b721fcf6b062ba102,93971be81b9c527177da042f7b77cacdb99eaca9,-,-,-,-
1762171129.161505,F1Veot1KJd8SOltyai,CUjCmlL5weuGxvM17,192.168.7.205,50332,91.189.91.81,80,HTTP,0,"SHA1,MD5",application/x-xz,-,0.097868,F,F,125396,125396,0,0,F,-,d38e9c6a1872e5e80c7cd352f6eea8a7,a55077e78f26f51975aa1fcb5f51327fb05864f0,-,-,-,-
1762171129.259373,Fou3f1IEDbKDGvzId,CUjCmlL5weuGxvM17,192.168.7.205,50332,91.189.91.81,80,HTTP,0,"SHA1,MD5",application/x-xz,-,0.002832,F,F,208,208,0,0,F,-,c5d1800919ab9a9623b53ababb77cdac,a8664e9f659abfd3c8ea4a5839d20c3bd020b5be,-,-,-,-
1762171135.461358,Fbvk1Q2ZUeVYt51Fgk,C6EMFt2FVPVOixKNQ8,192.168.7.205,40652,213.180.204.183,80,HTTP,0,"SHA1,MD5",application/x-debian-package,-,0.020140,F,F,40102,40102,0,0,F,-,e61da5e27ab00e247323052f1d044c28,5fdb4e3f8582985ffb006ad0d325efe491a7ab3b,-,-,-,-
1762171135.495854,FN2OM21v6JcBWCys6a,C6EMFt2FVPVOixKNQ8,192.168.7.205,40652,213.180.204.183,80,HTTP,0,"SHA1,MD5",application/x-debian-package,-,0.000226,F,F,12020,12020,0,0,F,-,656887042436f76116282640b7ab3c03,b3864e68a017abd393fd7b64af5e79d1440df861,-,-,-,-
1762171135.496080,FCfhgygaWRsfsCA71,C6EMFt2FVPVOixKNQ8,192.168.7.205,40652,213.180.204.183,80,HTTP,0,"SHA1,MD5",application/x-debian-package,-,0.000642,F,F,15532,15532,0,0,F,-,543042d32cbeaab251e26e8b93b4a572,5f246eabdc027de949e76e98554a7e3e2bf7c1ed,-,-,-,-
1762171135.496722,FJ3Gru2kfdVuljmmcc,C6EMFt2FVPVOixKNQ8,192.168.7.205,40652,213.180.204.183,80,HTTP,0,"SHA1,MD5",application/x-debian-package,-,0.000857,F,F,13840,13840,0,0,F,-,5780de4e5c24702c462f6ca7db3a0ee5,2b7995b621c52dccbd6ceeabac9bfcac2cdd1679,-,-,-,-
1762171135.497579,Fp7lY91xWNmLx8KKKa,C6EMFt2FVPVOixKNQ8,192.168.7.205,40652,213.180.204.183,80,HTTP,0,"SHA1,MD5",application/x-debian-package,-,0.010254,F,F,45780,45780,0,0,F,-,9027a649788851acdfde78e4435e8305,3684f0469a3e1e749d34b711e4b614372101e837,-,-,-,-
1762171135.507833,FaNntx2BXu6nYS8UVe,C6EMFt2FVPVOixKNQ8,192.168.7.205,40652,213.180.204.183,80,HTTP,0,"SHA1,MD5",application/x-debian-package,-,0.007905,F,F,72966,72966,0,0,F,-,de2421b9ca5263a77f22ef14ec2c313b,98aa19846d2ee01b1060748aaa3f6c1099b7eb8f,-,-,-,-
1762171135.515738,F6XmQf14Swmpsatr2a,C6EMFt2FVPVOixKNQ8,192.168.7.205,40652,213.180.204.183,80,HTTP,0,"SHA1,MD5",application/x-debian-package,-,0.003156,F,F,10130,10130,0,0,F,-,b3042d0fa3e554ceae7f57be21d11945,ff2e83b194b3f61b565d2edf1c1fa1a8d1e389b7,-,-,-,-
1762171135.518894,FGSFRv4WAuoJqCzP1g,C6EMFt2FVPVOixKNQ8,192.168.7.205,40652,213.180.204.183,80,HTTP,0,"SHA1,MD5",application/x-debian-package,-,0.012934,F,F,358934,483358,124424,0,F,-,-,-,-,-,-,-
1762171135.531828,FIFW6T1nBqUtXDmVSh,C6EMFt2FVPVOixKNQ8,192.168.7.205,40652,213.180.204.183,80,HTTP,0,"SHA1,MD5",application/x-debian-package,-,0.000000,F,F,3878,3878,0,0,F,-,f105bbb604e6539d30be2cf0620f6223,229b8ad8f2bc4d91c9ca494756547e773d2e3d38,-,-,-,-
1762171166.236463,FurYhR1hy903mpVFx7,CSD7nG1ubNrHBPFFDa,192.168.7.101,52434,192.168.7.205,80,HTTP,0,"SHA1,MD5",text/html,-,0.000000,T,F,612,-,0,0,F,-,e3eb0a1df437f3f97a64aca5952c8ea0,7dd71afcfb14e105e80b0c0d7fce370a28a41f0a,-,-,-,-
1762171166.543975,FpqIGr1fZvwbnTAqt6,CSD7nG1ubNrHBPFFDa,192.168.7.101,52434,192.168.7.205,80,HTTP,0,"SHA1,MD5",text/html,-,0.000000,T,F,564,-,0,0,F,-,5da4c1420f84ec727d1b6bdd0d46e62e,280d08d142f7386283f420444ec48e1cdbfd61bb,-,-,-,-
1762171237.219259,FEi0sIPxKeBG9JQh8,CH13vS2mPsAqP4zkPe,192.168.7.101,58794,150.171.28.11,443,SSL,0,"SHA1,MD5,OCSP_REPLY",application/ocsp-response,-,0.000000,F,F,1858,-,0,0,F,-,4288bb046de6e35146b56c26150f7efc,d91ce3017cbe759f059e97264f18193a3bcad3f7,-,-,-,-
1762171271.276173,FIwPeC1Qf3JMNU8cg,C9GETr4EhxhMGHtN66,192.168.7.101,58719,91.105.192.100,80,HTTP,0,"SHA1,MD5",-,-,0.000000,T,T,132,132,0,0,F,-,0b0aee33bbad9f43478c17f44205f496,a5395e0e28e5b85690f62bc021a9326a8f89e399,-,-,-,-
1762171271.327416,FhZR0K3iZQDsS6NFNa,C9GETr4EhxhMGHtN66,192.168.7.101,58719,91.105.192.100,80,HTTP,0,"SHA1,MD5",-,-,0.000000,F,F,164,164,0,0,F,-,500178ad27216d5117ef672e299246d5,998ea9c580b7e24f76f7654a7b83318ee004f9f1,-,-,-,-
1762171288.546505,FeYDn23bnjesRUT8si,Ch5ypn2ypkvq89lds2,192.168.7.101,55438,52.123.128.14,443,SSL,0,"SHA1,MD5,OCSP_REPLY",application/ocsp-response,-,0.000000,F,F,1858,-,0,0,F,-,fb70ba141e82dfa933fc9dfef2cd5046,0ec2db0540bdcb3442107827a3bd6d50f63707b5,-,-,-,-
1762171402.162584,FhBbuItzWpQO58iSa,CP6bxu1Kwv8fwP5WMi,192.168.7.101,63203,91.105.192.100,80,HTTP,0,"SHA1,MD5",-,-,0.000000,T,T,88,88,0,0,F,-,404128779db674be840f1f0a33254787,0178d85e3b0c70830416c8cc498d8fd6d01f22ab,-,-,-,-
1762171402.212023,Fz9lyFVBOJE8F8pXl,CP6bxu1Kwv8fwP5WMi,192.168.7.101,63203,91.105.192.100,80,HTTP,0,"SHA1,MD5",-,-,0.000000,F,F,116,116,0,0,F,-,60c84a493c2b47e2637ac2cc5a9bd9c0,a8b45774f2326a37775a2ce7fec42c1b2440902d,-,-,-,-
1762171421.825578,FHoruQJsYRjzJz70i,C4wu9P2A0L5OHjaM88,192.168.7.101,63205,95.101.78.11,443,SSL,0,"SHA1,MD5,OCSP_REPLY",application/ocsp-response,-,0.000000,F,F,1048,-,0,0,F,-,9d88c6c930bc995ed1f65059029c629c,4252ad4bcd5fe2da928f15ed00aaed4479c60972,-,-,-,-
1762171557.194343,FmqMmu4ngAwGgJ3497,Cbj3lT3CXjjcUxX76,192.168.7.101,52236,91.105.192.100,80,HTTP,0,"SHA1,MD5",-,-,0.000000,T,T,260,260,0,0,F,-,b755ed6596e0b8cb7c0297be61bd5196,a58caac85d87bc928a1d0a07d9099b39236dbfbd,-,-,-,-
1762171557.243999,FN261U129GVJSNlwve,Cbj3lT3CXjjcUxX76,192.168.7.101,52236,91.105.192.100,80,HTTP,0,"SHA1,MD5",-,-,0.000000,F,F,200,200,0,0,F,-,4e7f541e62ec48f5c54e1dc67e0f6c8e,2769a1138a2c4be024c4fb2700b50d90d2fc2b35,-,-,-,-
1762171721.732229,FGMr042QoiaOuEKSUd,C1bAW01YUCehrUEGt9,192.168.7.101,55793,23.73.2.135,443,SSL,0,"SHA1,MD5,OCSP_REPLY",application/ocsp-response,-,0.000000,F,F,1049,-,0,0,F,-,e8d7963f2d325173bf6d0b32638b898a,64ef59b82181a68515e679d6443ec33d3c2b9551,-,-,-,-
1762171811.107079,FTwPqhSsxD23JU4si,Cg78F83goY3EhB2eLb,192.168.7.101,52112,149.154.167.222,80,HTTP,0,"SHA1,MD5",-,-,0.000000,T,T,192,192,0,0,F,-,55be865d638653d370e4ceb4ca1980a6,ab71e3b2ec0665489ffd48827ccafa3066462a58,-,-,-,-
1762171811.219619,FGzRKI1GobOdBFi28g,Cg78F83goY3EhB2eLb,192.168.7.101,52112,149.154.167.222,80,HTTP,0,"SHA1,MD5",-,-,0.000000,F,F,176,176,0,0,F,-,e2c18c23ba039d747304be9e81895d8e,79e0a042105ba97dd7c0e306339a2c799ac2ad5c,-,-,-,-
1762171812.237198,FprcQ01A6eSvBKhwzb,CEPT8b2i4cA9qs3XT,192.168.7.101,52114,91.105.192.100,80,HTTP,0,"SHA1,MD5",-,-,0.000000,T,T,116,116,0,0,F,-,bd8b5e76eb7e6bea259c9e8685212d7a,a6176bd26934779d9a0aff062aee14bd91bf4942,-,-,-,-
1762171812.286812,FtWpvm1CqpM4rxegz2,CEPT8b2i4cA9qs3XT,192.168.7.101,52114,91.105.192.100,80,HTTP,0,"SHA1,MD5",-,-,0.000000,F,F,128,128,0,0,F,-,09b36f8d18905dbf3290113698db0c14,dcda1ab7af33fa35778d33b94a7c57d11d9f7a5f,-,-,-,-
1762171890.083550,F2346e4PnHEPCPb0Lj,CKwN7G3hRBjPRE1VEg,192.168.7.101,50313,52.123.128.14,443,SSL,0,"SHA1,MD5,OCSP_REPLY",application/ocsp-response,-,0.000000,F,F,1858,-,0,0,F,-,fb70ba141e82dfa933fc9dfef2cd5046,0ec2db0540bdcb3442107827a3bd6d50f63707b5,-,-,-,-
1762171909.675152,FfyUH314AGa4FOUXDd,CfEtqZ17v1hI25M9rd,192.168.7.101,50317,149.154.167.222,80,HTTP,0,"SHA1,MD5",-,-,0.000000,T,T,160,160,0,0,F,-,312580b9170facb89f95a0dc225188c2,d7b14d0e9557c07af9bca365b4d0ce1b0a1158c3,-,-,-,-
1762171909.675753,F548f41CDBwH0WrmL6,CdofFQ3FAJNSgd2wN7,192.168.7.101,50318,149.154.167.222,80,HTTP,0,"SHA1,MD5",-,-,0.000000,T,T,104,104,0,0,F,-,57c759173508145b77c92a7c153c7e28,0876b8acee737819b4583af8004abab91d03e4ab,-,-,-,-
1762171909.677829,FYltUd3yIPHntxBWb5,CNqcoK2tyZCiSo76qh,192.168.7.101,50319,149.154.167.222,80,HTTP,0,"SHA1,MD5",-,-,0.000000,T,T,252,252,0,0,F,-,061ce4b6d589d0d61421d3487f9cb3bf,ce6ad4c829d59e9943ac6c1eb027ce47606cb4df,-,-,-,-
1762171909.775297,FLgjC6lJxuWiuKmU,CNqcoK2tyZCiSo76qh,192.168.7.101,50319,149.154.167.222,80,HTTP,0,"SHA1,MD5",-,-,0.000000,F,F,208,208,0,0,F,-,1c87056dd97cc72995bfb63c9d5df451,36d9e95ee3d06b90b0fd3f5c86861eb2e3778241,-,-,-,-
1762171909.781271,FiR4ua4qN4h7BTI8Ue,CfEtqZ17v1hI25M9rd,192.168.7.101,50317,149.154.167.222,80,HTTP,0,"SHA1,MD5",-,-,0.000000,F,F,192,192,0,0,F,-,1984e3c2da360c84293117c65f8249d1,b722556b5f58d49460627de561f7782b12b078f8,-,-,-,-
1762171909.781667,FZ1Zu03JvSLITGMFl1,CdofFQ3FAJNSgd2wN7,192.168.7.101,50318,149.154.167.222,80,HTTP,0,"SHA1,MD5",-,-,0.000000,F,F,152,152,0,0,F,-,bbb61fd288a096e09728fb7a0ebd70b5,1e6aeb93f36353b19efb1dc128288caed1291fee,-,-,-,-
1762171950.170691,FjamFoT3OE7r7pRaa,CGfB343kyhQvV8bnD5,192.168.7.101,50321,149.154.167.222,80,HTTP,0,"SHA1,MD5",-,-,0.000000,T,T,288,288,0,0,F,-,c6cffd54e195b9740e67a7422e3e236d,4e3d5f9e9346203f22c7ccdc45f2e757b160919f,-,-,-,-
1762171950.280395,FrTFLx27CPtXx9nY34,CGfB343kyhQvV8bnD5,192.168.7.101,50321,149.154.167.222,80,HTTP,0,"SHA1,MD5",-,-,0.000000,F,F,104,104,0,0,F,-,a8a292b251a99340e10ec841a4797fd0,78c10ddc6502c9c13edb80f24be5f52d17d550bc,-,-,-,-
1762172010.270577,FCN3JM3hVjRYRPNW73,CtoAfl1mYgweyRp3ak,192.168.7.101,52157,91.105.192.100,80,HTTP,0,"SHA1,MD5",-,-,0.000000,T,T,200,200,0,0,F,-,f12f41e9f87dfe063caf07664c448ea4,fd14a6f9412098dbf3cb80545a6563d1580eb94b,-,-,-,-
1762172010.317884,F8pxbqGuOsCxxfpl5,CtoAfl1mYgweyRp3ak,192.168.7.101,52157,91.105.192.100,80,HTTP,0,"SHA1,MD5",-,-,0.000000,F,F,204,204,0,0,F,-,9c703c1331e0ddc3027ab29f6003f638,3806c2542344ef386c104221e4cd4c311681f175,-,-,-,-
1762172021.742360,F8gNjh43mKqVvBet69,CPyqN32SbHuRqac9Q9,192.168.7.101,52158,184.51.88.75,443,SSL,0,"SHA1,MD5,OCSP_REPLY",application/ocsp-response,-,0.000000,F,F,1046,-,0,0,F,-,b2cdc565660cc6d3015349896bcad81f,f23611e8065b7f46a94b53ae43146ad85c7909ed,-,-,-,-
1762172321.730962,FMxRqf4wEjmgS7CJYd,CAh31B4ggs48Xkijnj,192.168.7.101,55139,23.73.2.151,443,SSL,0,"SHA1,MD5,OCSP_REPLY",application/ocsp-response,-,0.000000,F,F,1049,-,0,0,F,-,1044e44a92cbdb87dfbe86a0319a9c3c,384e76d8145dacd6a3b34d3f5fa0d099d2e3d104,-,-,-,-
1762172462.979624,F817Mc4IMy2fxr5I52,ClofMk2MiNwBwiTdM5,192.168.7.101,51113,149.154.167.151,80,HTTP,0,"SHA1,MD5",-,-,0.000000,T,T,108,108,0,0,F,-,89a37f87d452767de34cdb875fa65612,b485f3467f5cc9258501449dcf56da13d1140dd7,-,-,-,-
1762172463.079098,FVoWFl3rAFgpSrtBVd,ClofMk2MiNwBwiTdM5,192.168.7.101,51113,149.154.167.151,80,HTTP,0,"SHA1,MD5",-,-,0.000000,F,F,148,148,0,0,F,-,636a50ca47cafe63be30b92cd09cb55e,96d37e7be02aabbd3c9da40debe2a60d44012cee,-,-,-,-
1762172621.990201,FNNQGP3j3rzQMSOv2k,CRNIHu3Dp8uTdaoM5,192.168.7.101,54389,184.51.88.81,443,SSL,0,"SHA1,MD5,OCSP_REPLY",application/ocsp-response,-,0.000000,F,F,1048,-,0,0,F,-,40933ea0adf13957b3ef7938a8e42e6f,6089c38550c5a81870d71ff17c3eafc26c355cbd,-,-,-,-
1762172622.177308,FhDjsX2PcqKGCcZWTe,C3uyyH2iIS88hUAhUl,192.168.7.101,54391,91.105.192.100,80,HTTP,0,"SHA1,MD5",-,-,0.000000,T,T,204,204,0,0,F,-,b67c30165bbd43e3361207db84645830,d538f963588694bec25cbbf006ee5fa41c0febba,-,-,-,-
1762172622.227400,FnyaSY1DBPBdZBWSGa,C3uyyH2iIS88hUAhUl,192.168.7.101,54391,91.105.192.100,80,HTTP,0,"SHA1,MD5",-,-,0.000000,F,F,104,104,0,0,F,-,2f22c4fd21d746fd643d8f6a5b19f2fb,3238008ce956be5f2f5bd659ac200e6c554a499a,-,-,-,-
1762172720.696484,F2dzeB2U553ij6d1s5,Cj3TnohksM2cj4tj7,192.168.7.101,57663,149.154.167.41,80,HTTP,0,"SHA1,MD5",-,-,0.000000,T,T,56,56,0,0,F,-,2831c1d13604fa9305176fba3e089ae4,f8f46bbabec6c0202f0034156354662ccfee6a45,-,-,-,-
1762172720.793982,FvbGLi17FNdktAKb74,Cj3TnohksM2cj4tj7,192.168.7.101,57663,149.154.167.41,80,HTTP,0,"SHA1,MD5",-,-,0.000000,F,F,180,180,0,0,F,-,da1b05ede59c3e82f61ce90c791c14aa,0d0a657e54644e767572cbac4df99b36ec9375de,-,-,-,-
1762172726.660403,FL4cU4HorJQnBO1W3,CPO9UhzpG7PS7P2H7,192.168.7.101,50688,150.171.28.11,443,SSL,0,"SHA1,MD5,OCSP_REPLY",application/ocsp-response,-,0.000000,F,F,1858,-,0,0,F,-,e54fdc72099c1703434bfad23e65a2c1,570526cb35b2db00919b80bc7296a761d3785e97,-,-,-,-
1762172765.169945,F0z6kf3FshHPN7Ykoe,C8HU0s4eZqzqqlzlB5,192.168.7.101,63063,91.105.192.100,80,HTTP,0,"SHA1,MD5",-,-,0.000000,T,T,44,44,0,0,F,-,b88c3f7b14b7bc47c44d93e72a049f6e,6c900600d621a54401df16a1303df8f74e3b0432,-,-,-,-
1762172765.217433,FKTFTb2VnPHo9Hyz1,C8HU0s4eZqzqqlzlB5,192.168.7.101,63063,91.105.192.100,80,HTTP,0,"SHA1,MD5",-,-,0.000000,F,F,128,128,0,0,F,-,ffc27f80a4eb68a67bce8c7cfbac8fe8,289ad6fa139f5625d26ecceeeefa6dfc9750b981,-,-,-,-
1762172921.832659,FKQuOl1IVUyzyYyqBg,CYSapz3p0LGPll0Clf,192.168.7.101,53958,95.101.78.65,443,SSL,0,"SHA1,MD5,OCSP_REPLY",application/ocsp-response,-,0.000000,F,F,1048,-,0,0,F,-,9d88c6c930bc995ed1f65059029c629c,4252ad4bcd5fe2da928f15ed00aaed4479c60972,-,-,-,-
1762173006.868696,F7dGftj62rzaGabDd,Csypsm3bfKvlzhyDme,192.168.7.101,62698,149.154.167.222,80,HTTP,0,"SHA1,MD5",-,-,0.000000,T,T,164,164,0,0,F,-,eebd3c1047e44773a100993c9831a799,33cf490c557f59360e423f36e8068bff58bbb1d9,-,-,-,-
1762173006.967581,FDUh1u1CMG1rz8n1l3,Csypsm3bfKvlzhyDme,192.168.7.101,62698,149.154.167.222,80,HTTP,0,"SHA1,MD5",-,-,0.000000,F,F,152,152,0,0,F,-,5419fb42e2888bf3443cba3a8400c918,b170d661df0d0385ea0ac4974524570c13511c4f,-,-,-,-
1762173123.356483,FhU5hJ2ROg14GC8Jzf,Cs4duL3AzK7GeKQvi5,192.168.7.101,61829,149.154.167.222,80,HTTP,0,"SHA1,MD5",-,-,0.000000,T,T,128,128,0,0,F,-,47578030f81382284dae35ebaa2d19b1,f2a10f897b5d4d293d8bbc937dee744de42b558b,-,-,-,-
1762173123.356483,Fsx7V1Vx54oYoezB1,CxsAHQSTReWvYdyn9,192.168.7.101,61830,149.154.167.222,80,HTTP,0,"SHA1,MD5",-,-,0.000000,T,T,124,124,0,0,F,-,a10652d8ba2845ec556c232e2a90eb56,c81369022304d22c6fb5c6c2d46db03d90c3023a,-,-,-,-
1762173123.454666,FZXEAd1hjwfFUUoBM6,Cs4duL3AzK7GeKQvi5,192.168.7.101,61829,149.154.167.222,80,HTTP,0,"SHA1,MD5",-,-,0.000000,F,F,140,140,0,0,F,-,c9730e23c059e90765df051f69063bb2,eb279afeaadcde6dcd81c062d9434a14ca15f3f4,-,-,-,-
1762173123.454666,FkZ8x1uSTODd4jLn9,CxsAHQSTReWvYdyn9,192.168.7.101,61830,149.154.167.222,80,HTTP,0,"SHA1,MD5",-,-,0.000000,F,F,160,160,0,0,F,-,50111ca9800a6b2bb59380ff2b39b4b9,e65e992ad8fbc9370e54b05a905731f16e9a51ef,-,-,-,-
1762173139.801899,FY9o1v1RDnoVSjVJJe,COI0Ag1t7twJzkOtS,192.168.7.101,61831,48.209.180.244,443,SSL,0,"SHA1,MD5,OCSP_REPLY",application/ocsp-response,-,0.000000,F,F,1858,-,0,0,F,-,ce81f01ea778c8699e0314d62e062c75,55024f957ac687f5e889fcbcb4fd4edac13693cb,-,-,-,-
1762173162.132192,F5ny78mEq6Ttw3atg,CaIx652ThTAjxq8RXe,192.168.7.101,60730,192.168.7.205,80,HTTP,0,"SHA1,MD5",text/html,-,0.000000,T,F,564,-,0,0,F,-,5da4c1420f84ec727d1b6bdd0d46e62e,280d08d142f7386283f420444ec48e1cdbfd61bb,-,-,-,-
1762173175.419895,FOOvDD1AySl2350myk,CXm09E4JAcsSxsE4K2,192.168.7.101,50467,150.171.28.11,443,SSL,0,"SHA1,MD5,OCSP_REPLY",application/ocsp-response,-,0.000000,F,F,1858,-,0,0,F,-,e54fdc72099c1703434bfad23e65a2c1,570526cb35b2db00919b80bc7296a761d3785e97,-,-,-,-
1762173222.270104,FfWHQT1RyogJbtsAOh,CsWVzt3252S5ghjjfe,192.168.7.101,59040,23.213.161.25,443,SSL,0,"SHA1,MD5,OCSP_REPLY",application/ocsp-response,-,0.000000,F,F,1046,-,0,0,F,-,72ec9a5f85c85d97d984ad5321c4b409,7b9f7768eb143a216f04f5a77587bb3f536ca7c0,-,-,-,-
1762173288.281174,FEDdYWuQhUJAGeKc1,Cqcufq2LmAQJDaYJ7b,192.168.7.101,59042,149.154.167.41,80,HTTP,0,"SHA1,MD5",-,-,0.000000,T,T,148,148,0,0,F,-,3ec88f48a58711b8374e1804a194d002,0040c1bd1bf92a71ac7dfa30c3da840f7d0b1dd4,-,-,-,-
1762173288.379491,FIlZ3C31n3XLQvWOl7,Cqcufq2LmAQJDaYJ7b,192.168.7.101,59042,149.154.167.41,80,HTTP,0,"SHA1,MD5",-,-,0.000000,F,F,136,136,0,0,F,-,d569d49f290dd795e54893a91504e11d,2e1ea45d718013b59f565bf26751620ac092b800,-,-,-,-
1762173383.398198,F3djjf22DimXkeQMKj,CyHTqg8gjdSV3Mzod,192.168.7.101,61628,192.168.7.205,80,HTTP,0,"SHA1,MD5",text/html,-,0.000000,T,F,412,-,0,0,F,-,0d4d59e90535a6429292bba8793b1457,74273c5527aaad2326a3c47bee9b3f5679f79d73,-,-,-,-
1762173384.754304,Fd2fF01NUZqVYYf4o,CZTtNA4Cc7LdBW4jbc,192.168.7.101,59744,150.171.28.11,443,SSL,0,"SHA1,MD5,OCSP_REPLY",application/ocsp-response,-,0.000000,F,F,1858,-,0,0,F,-,e54fdc72099c1703434bfad23e65a2c1,570526cb35b2db00919b80bc7296a761d3785e97,-,-,-,-
1762173386.674250,FbQppC9OuJPvm1GZ6,CyHTqg8gjdSV3Mzod,192.168.7.101,61628,192.168.7.205,80,HTTP,0,"SHA1,MD5",text/plain,-,0.000000,T,T,37,37,0,0,F,-,6e6f97fbd331c61ef8eef698c49aadf0,135a59e53ee61e52b9f3d76641d2d3f6ae17f590,-,-,-,-
1762173386.674952,F2qaUh4QQ5gy4h0UWl,CyHTqg8gjdSV3Mzod,192.168.7.101,61628,192.168.7.205,80,HTTP,0,"SHA1,MD5",text/html,-,0.000000,T,F,564,-,0,0,F,-,5da4c1420f84ec727d1b6bdd0d46e62e,280d08d142f7386283f420444ec48e1cdbfd61bb,-,-,-,-
1762173389.778374,FWl0EP6sYWviKRPmf,CyHTqg8gjdSV3Mzod,192.168.7.101,61628,192.168.7.205,80,HTTP,0,"SHA1,MD5",text/html,-,0.000000,T,F,564,-,0,0,F,-,5da4c1420f84ec727d1b6bdd0d46e62e,280d08d142f7386283f420444ec48e1cdbfd61bb,-,-,-,-
1762173398.920898,Flnx2PImTS5UPlzW3,CVzdVz4tvZJkXyQsVd,192.168.7.101,57771,192.168.7.205,80,HTTP,0,"SHA1,MD5",text/html,-,0.000000,T,F,412,412,0,0,F,-,0d4d59e90535a6429292bba8793b1457,74273c5527aaad2326a3c47bee9b3f5679f79d73,-,-,-,-
1762173401.204197,Fd0myV6aZJfBtMy7d,CBuHoH3c6uc1UPqa16,192.168.7.101,57772,192.168.7.205,80,HTTP,0,"SHA1,MD5",text/html,-,0.000000,T,F,412,412,0,0,F,-,0d4d59e90535a6429292bba8793b1457,74273c5527aaad2326a3c47bee9b3f5679f79d73,-,-,-,-
1762173401.511343,F1BWMk2roEf59MVRhi,CI9RzK1Y6RppJsTflb,192.168.7.101,57773,192.168.7.205,80,HTTP,0,"SHA1,MD5",text/html,-,0.000000,T,F,412,412,0,0,F,-,0d4d59e90535a6429292bba8793b1457,74273c5527aaad2326a3c47bee9b3f5679f79d73,-,-,-,-
1762173403.921691,FVkgqVJT48BYxuQt6,Ckbv1W3qlUZzS3ZTwk,192.168.7.101,57774,192.168.7.205,80,HTTP,0,"SHA1,MD5",text/html,-,0.000000,T,F,412,412,0,0,F,-,0d4d59e90535a6429292bba8793b1457,74273c5527aaad2326a3c47bee9b3f5679f79d73,-,-,-,-
1762173423.423952,FXyZsi3wUu4pobl1A9,CWfIwB3KFuFQq1zWbk,192.168.7.101,49626,192.168.7.205,80,HTTP,0,"SHA1,MD5",text/html,-,0.000000,T,F,162,162,0,0,F,-,1b7c22a214949975556626d7217e9a39,d01c97e2944166ed23e47e4a62ff471ab8fa031f,-,-,-,-
1762173431.958186,FMPteN2m0LJIzc3PBj,CA9drXko4HbBqi8Rj,192.168.7.101,49632,192.168.7.205,80,HTTP,0,"SHA1,MD5",text/html,-,0.000000,T,F,412,412,0,0,F,-,0d4d59e90535a6429292bba8793b1457,74273c5527aaad2326a3c47bee9b3f5679f79d73,-,-,-,-
1762173435.555389,F9XOIf4fTjvab2ovye,CdUJUJfvWldfxquM4,192.168.7.101,60304,150.171.28.11,443,SSL,0,"SHA1,MD5,OCSP_REPLY",application/ocsp-response,-,0.000000,F,F,1858,-,0,0,F,-,e54fdc72099c1703434bfad23e65a2c1,570526cb35b2db00919b80bc7296a761d3785e97,-,-,-,-
1762173493.780137,FB3X7c4c99ak1nWGBe,CYsvnk1R0Ho5I6ccVg,192.168.7.101,60283,108.141.15.7,443,SSL,0,"SHA1,MD5,OCSP_REPLY",application/ocsp-response,-,0.000000,F,F,1858,-,0,0,F,-,ce81f01ea778c8699e0314d62e062c75,55024f957ac687f5e889fcbcb4fd4edac13693cb,-,-,-,-
1762173573.229759,FvsJ5X120uVzl0QFMg,CEBhJa4Yp4fn7Zfggc,192.168.7.101,55160,91.105.192.100,80,HTTP,0,"SHA1,MD5",-,-,0.000000,T,T,136,136,0,0,F,-,548121323e10c697e6c1c39cf24326c7,dfab2a54cc8437c1ef0ffbea1558fac59527391a,-,-,-,-
1762173573.279284,FtCjCBo0K8ifTRZG4,CEBhJa4Yp4fn7Zfggc,192.168.7.101,55160,91.105.192.100,80,HTTP,0,"SHA1,MD5",-,-,0.000000,F,F,208,208,0,0,F,-,5e6d3863d68d9de2d2cfe6af89723eab,e03c455406b8b0a27ee8d3a8aec39d4d6e470c06,-,-,-,-
1762173581.798940,FsnNcp11BzHXPFagii,CU5RKg2HMc0puH74F8,192.168.7.205,55216,213.180.204.183,80,HTTP,0,"SHA1,MD5",application/x-debian-package,-,0.038991,F,F,122660,122660,0,0,F,-,e0c95cfc19bb392706b4257e82172b65,d4ad630e619a763aad78e850833ead8b2bad5315,-,-,-,-
1762173614.683134,F9HTL23LY7Iud5dFz3,CHin0p4rjYqQ9xkBSl,192.168.7.101,54483,150.171.28.11,443,SSL,0,"SHA1,MD5,OCSP_REPLY",application/ocsp-response,-,0.000000,F,F,1858,-,0,0,F,-,e54fdc72099c1703434bfad23e65a2c1,570526cb35b2db00919b80bc7296a761d3785e97,-,-,-,-
1762173680.597894,FwYedm2NEbtCCePiY1,CNAMFz3miaHNaOG651,192.168.7.101,61645,150.171.27.11,443,SSL,0,"SHA1,MD5,OCSP_REPLY",application/ocsp-response,-,0.000000,F,F,1858,-,0,0,F,-,e54fdc72099c1703434bfad23e65a2c1,570526cb35b2db00919b80bc7296a761d3785e97,-,-,-,-
1762173790.269031,FdqWgr1l1iSzbhBZYc,Cbvvm03FBtzJhVq2Ec,192.168.7.101,55642,20.190.159.68,443,SSL,0,"SHA1,MD5,OCSP_REPLY",application/ocsp-response,-,0.000000,F,F,471,-,0,0,F,-,d3a87af3ce068ed32476477c87f080d9,8931825451f3690fe85764404782132405b1d798,-,-,-,-
1762173816.192179,Fw6VXq35eSPvTtZaYk,CGZQnG3XtGxupqXwuc,192.168.7.101,55647,52.111.229.43,443,SSL,0,"SHA1,MD5,OCSP_REPLY",application/ocsp-response,-,0.000000,F,F,1858,-,0,0,F,-,284efbb4d5e07f3735d2831f1668f853,a1d2d7b92fecf9d4a968d8d610c31b75ea08c439,-,-,-,-
1762173816.382919,FyJBZr1zBSKW8hHh2e,CTvj9sFkuoSLr1O43,192.168.7.101,55646,52.111.229.43,443,SSL,0,"SHA1,MD5,OCSP_REPLY",application/ocsp-response,-,0.000000,F,F,1858,-,0,0,F,-,284efbb4d5e07f3735d2831f1668f853,a1d2d7b92fecf9d4a968d8d610c31b75ea08c439,-,-,-,-
1762173821.837471,FHY7Kms1DWHV4DEee,Ckb9UFyiTW3RDOoah,192.168.7.101,55649,95.101.78.9,443,SSL,0,"SHA1,MD5,OCSP_REPLY",application/ocsp-response,-,0.000000,F,F,1048,-,0,0,F,-,9d88c6c930bc995ed1f65059029c629c,4252ad4bcd5fe2da928f15ed00aaed4479c60972,-,-,-,-
1762173858.509740,FI8YzZ1DwuPn8GgFgg,CcKEsm4E56YsDW6l7f,192.168.7.101,59327,150.171.28.11,443,SSL,0,"SHA1,MD5,OCSP_REPLY",application/ocsp-response,-,0.000000,F,F,1858,-,0,0,F,-,e54fdc72099c1703434bfad23e65a2c1,570526cb35b2db00919b80bc7296a761d3785e97,-,-,-,-
1762173866.291047,FlSMXCZWbWJLlCAii,CWgWSF2hqlP5pwxpii,192.168.7.101,51391,150.171.27.11,443,SSL,0,"SHA1,MD5,OCSP_REPLY",application/ocsp-response,-,0.000000,F,F,1858,-,0,0,F,-,e54fdc72099c1703434bfad23e65a2c1,570526cb35b2db00919b80bc7296a761d3785e97,-,-,-,-
1762173880.897451,Fxo3cV3gBKe3xI6gmj,C56zE52QBAiEYbcP8g,192.168.7.101,58824,150.171.28.11,443,SSL,0,"SHA1,MD5,OCSP_REPLY",application/ocsp-response,-,0.000000,F,F,1858,-,0,0,F,-,4288bb046de6e35146b56c26150f7efc,d91ce3017cbe759f059e97264f18193a3bcad3f7,-,-,-,-
1762173887.309621,FwV4zs4k1y5iR74Dqb,CYhj6PBUtoO1sVxB8,192.168.7.101,58826,91.105.192.100,80,HTTP,0,"SHA1,MD5",-,-,0.000000,T,T,92,92,0,0,F,-,ceef3b0bf8f37b6d64389e62209f6ba9,9c4d4ab5899edfa0c7d274f305368e2c51d9b6f7,-,-,-,-
1762173887.359881,FKTL2U3ZpHKUWWTgJ3,CYhj6PBUtoO1sVxB8,192.168.7.101,58826,91.105.192.100,80,HTTP,0,"SHA1,MD5",-,-,0.000000,F,F,160,160,0,0,F,-,8dc77b9057ba8ec487be773a87e12a71,a5d48c6d2b7d6421d757d5762226b316d3ace4e2,-,-,-,-
1762174121.766733,Fjqpit2zaxmU9CN7T5,C8xmZy4ANt1xIcJmSf,192.168.7.101,52966,184.51.88.32,443,SSL,0,"SHA1,MD5,OCSP_REPLY",application/ocsp-response,-,0.000000,F,F,1049,-,0,0,F,-,e8b9262420e4a241ec4cc28e3b430b2e,df39000acd396f26875f582838b6486565a22e3b,-,-,-,-
1762174167.348440,FdAhZe3jAq3pigSV0j,CYdMjzuDscJE2Xl27,192.168.7.101,62767,192.168.7.205,49088,FTP_DATA,0,"SHA1,MD5",text/plain,-,0.000000,T,F,2246,-,0,0,F,-,0f746233d8a5f0e92c2134e92dabe8c9,82033e9e3a01454fef696158da83a44abbedf145,-,-,-,-
1762174179.381004,F0MaMH11zRzaPkZYw8,ClqpnWaUTAnX7iwl8,192.168.7.101,58459,91.105.192.100,80,HTTP,0,"SHA1,MD5",-,-,0.000000,T,T,100,100,0,0,F,-,5c71976a29da4d5b817465a81b2654d3,e4f7f5c3d0863abadc487950691b74a48a12d968,-,-,-,-
1762174179.429029,FfysrH3QOtmMKWMYN7,ClqpnWaUTAnX7iwl8,192.168.7.101,58459,91.105.192.100,80,HTTP,0,"SHA1,MD5",-,-,0.000000,F,F,156,156,0,0,F,-,8de640887232f8494b2af089927c8d60,af143970483235a79f8870df2d762283ee15d80e,-,-,-,-
1762174194.094279,FoRpOB8QRzIV58H6h,C3pjGQ8VgAH1B4Dc3,192.168.7.101,62003,150.171.27.11,443,SSL,0,"SHA1,MD5,OCSP_REPLY",application/ocsp-response,-,0.000000,F,F,1858,-,0,0,F,-,4288bb046de6e35146b56c26150f7efc,d91ce3017cbe759f059e97264f18193a3bcad3f7,-,-,-,-
1762174197.339594,Fw2vMo2s46wwK78RE7,CTMdcc3EvA8g45rUC4,192.168.7.101,52479,150.171.28.11,443,SSL,0,"SHA1,MD5,OCSP_REPLY",application/ocsp-response,-,0.000000,F,F,1858,-,0,0,F,-,e54fdc72099c1703434bfad23e65a2c1,570526cb35b2db00919b80bc7296a761d3785e97,-,-,-,-
1762174278.138233,FiUjkd24QMH6FuQKO,C4zAIw2iHIBxGCyVCl,192.168.7.101,60546,48.209.164.47,443,SSL,0,"SHA1,MD5,OCSP_REPLY",application/ocsp-response,-,0.000000,F,F,1858,-,0,0,F,-,bc7c58cce6c0b18286a5f17510c32025,9cc53b97c2c578ad64a62a56f77ba9296d5fd765,-,-,-,-
1762174284.960371,FZeHwA418eX3Z25hWj,C59pO222lJYHvdO6g1,192.168.7.101,65157,192.168.7.205,17476,FTP_DATA,0,"SHA1,MD5",text/plain,-,0.000000,T,F,2246,-,0,0,F,-,0f746233d8a5f0e92c2134e92dabe8c9,82033e9e3a01454fef696158da83a44abbedf145,-,-,-,-
1762174360.482723,FVBpNMHq8WsQtYJIk,CJuI0A4q2N61e9rjVe,192.168.7.101,51240,149.154.167.222,80,HTTP,0,"SHA1,MD5",-,-,0.000000,T,T,128,128,0,0,F,-,0e081412519a1701e375a4a22945a421,3178fcd04813126831f8023cc4db5c7e8e79c566,-,-,-,-
1762174360.581420,Fx60N92LnGRUb0xMPh,CJuI0A4q2N61e9rjVe,192.168.7.101,51240,149.154.167.222,80,HTTP,0,"SHA1,MD5",-,-,0.000000,F,F,136,136,0,0,F,-,822b7ec3859861f12492ddf3258b3b42,307af4a12fe966be287c73225ac24f60487cc0c3,-,-,-,-
1762174391.299550,F2ABzr30qma9p3vBKe,C7WDZo4tzkSRBstYw4,192.168.7.101,58367,4.251.34.76,443,SSL,0,"SHA1,MD5,OCSP_REPLY",application/ocsp-response,-,0.000000,F,F,1858,-,0,0,F,-,948b733ad32c17b40cdf92f0e2c152e5,856f5fe3920021d86619550b537ff8e74402a099,-,-,-,-
1762174421.759783,FxeP6x3zzRaVROJtbg,C7Jclp1EJoCbPuu2Eg,192.168.7.101,51984,184.51.88.42,443,SSL,0,"SHA1,MD5,OCSP_REPLY",application/ocsp-response,-,0.000000,F,F,1049,-,0,0,F,-,e8b9262420e4a241ec4cc28e3b430b2e,df39000acd396f26875f582838b6486565a22e3b,-,-,-,-
1762174600.178205,F2A5An2Lk2PCjXpJQ6,CBnzoh1fVNxSuKItW9,192.168.7.101,51390,91.105.192.100,80,HTTP,0,"SHA1,MD5",-,-,0.000000,T,T,260,260,0,0,F,-,c536708f38eb70fd6c4ff46ac3564a20,8b03b4cca8a8125221c7e795ac7975575fe4e1bc,-,-,-,-
1762174600.225959,F8JoZM1FhwejWyOWI2,CBnzoh1fVNxSuKItW9,192.168.7.101,51390,91.105.192.100,80,HTTP,0,"SHA1,MD5",-,-,0.000000,F,F,104,104,0,0,F,-,1d5676443b22856878bfe28d2d475d4a,ba1b9d3f74c69fa980efeabf8bc50678a57655b3,-,-,-,-
1762174674.130176,FkCmxi2r6UlvJP9lsd,CXfkix1kkjZBXKFbT1,192.168.7.101,50596,150.171.27.11,443,SSL,0,"SHA1,MD5,OCSP_REPLY",application/ocsp-response,-,0.000000,F,F,1858,-,0,0,F,-,e54fdc72099c1703434bfad23e65a2c1,570526cb35b2db00919b80bc7296a761d3785e97,-,-,-,-
1762174722.038887,F2Uk6c2P7L8A0uXIEc,CUXkDI2x7g9V97QhUl,192.168.7.101,65146,23.213.161.17,443,SSL,0,"SHA1,MD5,OCSP_REPLY",application/ocsp-response,-,0.000000,F,F,1048,-,0,0,F,-,28e818805a4efffbe1fe75997e46293c,6f97e90b2b795ef548dc3b8c841fcd6322d3af69,-,-,-,-
1762174734.226482,F00Fn73jrEmDWyfDq9,C3LMRd3RrZo6q5uwm1,192.168.7.101,65148,91.105.192.100,80,HTTP,0,"SHA1,MD5",-,-,0.000000,T,T,164,164,0,0,F,-,54edfdbc2e5e23bbd6a00c47a53389c7,6994624450701902b913d30ca7ea21fa33bf9aa7,-,-,-,-
1762174734.275496,FISqMG2Duh85do4Qs,C3LMRd3RrZo6q5uwm1,192.168.7.101,65148,91.105.192.100,80,HTTP,0,"SHA1,MD5",-,-,0.000000,F,F,180,180,0,0,F,-,07b4f599fdbd2b6c9bb96d76697d2e58,bc9ff66fd228fff86ef1d13931adf262b6835c3f,-,-,-,-
1762174965.467003,F5R5Gb4BKhtGUgiD6e,CpE2Dg29E9VTuZREn9,192.168.7.101,53506,20.189.173.10,443,SSL,0,"SHA1,MD5,OCSP_REPLY",application/ocsp-response,-,0.000000,F,F,1858,-,0,0,F,-,79b82cff6516e8d8d0acc0e5c59beae3,de9b982b4e0bde8b2a0d245df6482a2dcaa301d9,-,-,-,-
1762174969.252306,FHe2vG38748fS74yQ2,CVy4AS3Ois0NVOFXv4,192.168.7.101,55703,150.171.27.11,443,SSL,0,"SHA1,MD5,OCSP_REPLY",application/ocsp-response,-,0.000000,F,F,1858,-,0,0,F,-,4288bb046de6e35146b56c26150f7efc,d91ce3017cbe759f059e97264f18193a3bcad3f7,-,-,-,-
1762175018.303165,FPr7ym1GTNLFPNQVv8,CKLL381KdRBj4OMDR9,192.168.7.101,51890,108.177.14.94,80,HTTP,0,"SHA1,MD5",-,-,0.000000,F,F,993,993,0,0,F,-,c22301b5245b697aa0d960e7d3a2d560,e7374c928dc3bb82bd18524598990cdc498d4549,-,-,-,-
1762175018.515201,FzDC2xAJ43OhOVJJ9,CKLL381KdRBj4OMDR9,192.168.7.101,51890,108.177.14.94,80,HTTP,0,"SHA1,MD5",-,-,0.000000,F,F,530,530,0,0,F,-,1fbb37f79b317a9a248e7c4ce4f5bac5,0ff4d709ebf17be0c28e66dc8bf74672ca28362a,-,-,-,-
1762175021.849914,FzLWm14KyKDpFVORg3,CUT83G2Nkta0jfPoyl,192.168.7.101,51892,95.101.78.9,443,SSL,0,"SHA1,MD5,OCSP_REPLY",application/ocsp-response,-,0.000000,F,F,1048,-,0,0,F,-,9d88c6c930bc995ed1f65059029c629c,4252ad4bcd5fe2da928f15ed00aaed4479c60972,-,-,-,-
1762175027.894338,FJGn7I28pxterliub9,Ctwdx42x4PoT3PfKUa,192.168.7.101,54070,150.171.27.11,443,SSL,0,"SHA1,MD5,OCSP_REPLY",application/ocsp-response,-,0.000000,F,F,1858,-,0,0,F,-,4288bb046de6e35146b56c26150f7efc,d91ce3017cbe759f059e97264f18193a3bcad3f7,-,-,-,-
1762175078.369125,FwBIV32mvuVuT9NSDf,Cmtc8cfPmr1ifPCuf,192.168.7.101,60584,91.105.192.100,80,HTTP,0,"SHA1,MD5",-,-,0.000000,T,T,152,152,0,0,F,-,a6652fa89a138a9ca7acfd380f3241b3,1ae442041efb1c8cdc237ceca2efa8b5f2a914e0,-,-,-,-
1762175078.417511,FFHf7R32gVBSFn8jg4,Cmtc8cfPmr1ifPCuf,192.168.7.101,60584,91.105.192.100,80,HTTP,0,"SHA1,MD5",-,-,0.000000,F,F,100,100,0,0,F,-,5a664906f774da49bafdaaa227a9122d,b9b3fbd814b5708ed288377e999e84b52fd6072e,-,-,-,-
1762175129.151861,FhEDn22oD4rjSJMH18,Czz8LN1QbTsXCejRT2,192.168.7.101,55015,91.105.192.100,80,HTTP,0,"SHA1,MD5",-,-,0.000000,T,T,196,196,0,0,F,-,239734b6de49f793e933e7a45d9f6495,3b626f468381277427829578549316b8c0072f87,-,-,-,-
1762175129.202297,F0qLB54chbffVSZvl1,Czz8LN1QbTsXCejRT2,192.168.7.101,55015,91.105.192.100,80,HTTP,0,"SHA1,MD5",-,-,0.000000,F,F,160,160,0,0,F,-,df47aeefc080c5f7d03ddcc0a1ab0983,6d87e275d322b81615dcd86f90da554de2208f30,-,-,-,-
1762175321.840808,Frd6wOvvu3QWc1Zeb,CmsCuG2rtcUcigmfr4,192.168.7.101,52692,23.213.161.29,443,SSL,0,"SHA1,MD5,OCSP_REPLY",application/ocsp-response,-,0.000000,F,F,1046,-,0,0,F,-,b2cdc565660cc6d3015349896bcad81f,f23611e8065b7f46a94b53ae43146ad85c7909ed,-,-,-,-
1762175330.992721,FmLBNi4nxH7S1stJhk,CJocGM1JM7QjJW7vX6,192.168.7.101,54519,150.171.28.11,443,SSL,0,"SHA1,MD5,OCSP_REPLY",application/ocsp-response,-,0.000000,F,F,1858,-,0,0,F,-,e54fdc72099c1703434bfad23e65a2c1,570526cb35b2db00919b80bc7296a761d3785e97,-,-,-,-
1762175491.520825,FoJxyS3aE0tnRA7upg,Ch26S7nmhL1PwTPXl,192.168.7.101,56242,52.123.128.14,443,SSL,0,"SHA1,MD5,OCSP_REPLY",application/ocsp-response,-,0.000000,F,F,1858,-,0,0,F,-,fb70ba141e82dfa933fc9dfef2cd5046,0ec2db0540bdcb3442107827a3bd6d50f63707b5,-,-,-,-
1762175518.796710,FezOMl3GOBCEE7CTAb,CYQwsi2Y9goXqfpIr2,192.168.7.101,59801,150.171.28.11,443,SSL,0,"SHA1,MD5,OCSP_REPLY",application/ocsp-response,-,0.000000,F,F,1858,-,0,0,F,-,4288bb046de6e35146b56c26150f7efc,d91ce3017cbe759f059e97264f18193a3bcad3f7,-,-,-,-
1762175564.563565,Febnxc4Vq9QzZOdxVl,CpSoel4T7I0SxrqiVa,192.168.7.101,64391,52.123.128.14,443,SSL,0,"SHA1,MD5,OCSP_REPLY",application/ocsp-response,-,0.000000,F,F,1858,-,0,0,F,-,fb70ba141e82dfa933fc9dfef2cd5046,0ec2db0540bdcb3442107827a3bd6d50f63707b5,-,-,-,-
1762175621.779304,FEI60V3KGuJgXl1pLd,CsEdyb3UjdU5LySLnj,192.168.7.101,61711,23.213.161.5,443,SSL,0,"SHA1,MD5,OCSP_REPLY",application/ocsp-response,-,0.000000,F,F,1046,-,0,0,F,-,72ec9a5f85c85d97d984ad5321c4b409,7b9f7768eb143a216f04f5a77587bb3f536ca7c0,-,-,-,-
1762175865.526331,FODYPU1SNwOrjuO5F5,C4PbeU295JikxNZI79,192.168.7.101,58811,52.123.128.14,443,SSL,0,"SHA1,MD5,OCSP_REPLY",application/ocsp-response,-,0.000000,F,F,1858,-,0,0,F,-,fb70ba141e82dfa933fc9dfef2cd5046,0ec2db0540bdcb3442107827a3bd6d50f63707b5,-,-,-,-
1762175921.801385,FwJSpnFRARkiEDYwf,ChTVAD31w4mpqqizO6,192.168.7.101,61744,23.213.161.25,443,SSL,0,"SHA1,MD5,OCSP_REPLY",application/ocsp-response,-,0.000000,F,F,1048,-,0,0,F,-,dc125d8f8c8e49290925509f6eda4559,de15ab0b5f70e4f62baa54c60ed4cf3f0dfe0011,-,-,-,-
1762175944.190540,FUYm3r1Uzgv2buprge,CvYUF42W2VFRWgUNRb,192.168.7.101,62362,91.105.192.100,80,HTTP,0,"SHA1,MD5",-,-,0.000000,T,T,104,104,0,0,F,-,39051fc86eb45db72e842265c88a3842,6062758c5162bee44ab605afcc4f26dc5c2a4def,-,-,-,-
1762175944.239930,FM9Jf33N9xZYlpj434,CvYUF42W2VFRWgUNRb,192.168.7.101,62362,91.105.192.100,80,HTTP,0,"SHA1,MD5",-,-,0.000000,F,F,84,84,0,0,F,-,704da3820a9eee6e7615687864747a45,4eabdf007dfb7219bef70145092a8a26ff490d16,-,-,-,-
1762175980.955669,FX8HtpHNEy6z95vja,CqbkTpbPFThNiSvGi,192.168.7.101,50261,2.17.190.73,80,HTTP,0,"SHA1,MD5,OCSP_REPLY",application/ocsp-response,-,0.000000,F,F,313,313,0,0,F,-,3fa1da6cc87aa20c4daa81b67b12b50c,4af38bc17008043a6e591442c4848e0d8769cde0,-,-,-,-
1762175981.030057,F985ML2yM7Y7CR7NB7,CqbkTpbPFThNiSvGi,192.168.7.101,50261,2.17.190.73,80,HTTP,0,"SHA1,MD5,OCSP_REPLY",application/ocsp-response,-,0.000000,F,F,313,313,0,0,F,-,2aa6a4fca55649b0d309979e7d6b2611,0fd0a4d97d376b48326a4c2b78f868b870435ad6,-,-,-,-
1762175981.118226,FRJ4Jq2HkfBidQ3npb,CqbkTpbPFThNiSvGi,192.168.7.101,50261,2.17.190.73,80,HTTP,0,"SHA1,MD5,OCSP_REPLY",application/ocsp-response,-,0.000000,F,F,727,727,0,0,F,-,15bbb37f8fabcb7aa9d29f2aacfc4af9,f270ed851c4d2eaf41c097b5fc75de5af5636780,-,-,-,-
1762175981.710451,FQTZOi3aIHuQi9HF6d,CEfGFD4QIWJi8Ttpdi,192.168.7.101,50264,2.17.190.73,80,HTTP,0,"SHA1,MD5,OCSP_REPLY",application/ocsp-response,-,0.000000,F,F,727,727,0,0,F,-,24b5aa9bf1d569338608bf13d634410e,b2eab408af01fc100163dcac874ac0e5282db7c5,-,-,-,-
1762176120.267185,FN3bA22SKeipITqHlc,COhW660MFkZ7D4MK6,192.168.7.101,56341,91.105.192.100,80,HTTP,0,"SHA1,MD5",-,-,0.000000,T,T,40,40,0,0,F,-,9354a33b5c63087cb37c10f6e852ea1a,0c3d065224b534985b2e02c2bd41ba7efc055a93,-,-,-,-
1762176120.317350,FJr8Fi2P913w9Uh00l,COhW660MFkZ7D4MK6,192.168.7.101,56341,91.105.192.100,80,HTTP,0,"SHA1,MD5",-,-,0.000000,F,F,84,84,0,0,F,-,c20463c84e2e72a50119564abd5c3e1c,4de02b6fef524af0cb6f2de7c696e065de4bd43b,-,-,-,-
1762176144.930349,FfbcrN2WL4JHjiVh06,CU74zd4e5S5U90H2Ig,192.168.7.101,60936,48.209.180.244,443,SSL,0,"SHA1,MD5,OCSP_REPLY",application/ocsp-response,-,0.000000,F,F,1858,-,0,0,F,-,67adc09197f6081b56f8d3d0029cd9bb,a1baaee21b441ff955161d7d132066319a54cf5a,-,-,-,-
1762176166.390205,F01MRH2f5jHbTlUBGl,CFFgZtr6iSDG9xMMi,192.168.7.101,60943,52.123.128.14,443,SSL,0,"SHA1,MD5,OCSP_REPLY",application/ocsp-response,-,0.000000,F,F,1858,-,0,0,F,-,fb70ba141e82dfa933fc9dfef2cd5046,0ec2db0540bdcb3442107827a3bd6d50f63707b5,-,-,-,-
1762176179.260389,F15OlX3HdoqhomI6fg,CwMiuR33MEYfcq8Xj,192.168.7.101,49246,91.105.192.100,80,HTTP,0,"SHA1,MD5",-,-,0.000000,T,T,92,92,0,0,F,-,eefc8700864e2333003130a0d9fdb277,8c700a0d528e3727ec3cb0d17c20d8661043ba11,-,-,-,-
1762176179.309731,F0mGdU3hQZZWCf1VSa,CwMiuR33MEYfcq8Xj,192.168.7.101,49246,91.105.192.100,80,HTTP,0,"SHA1,MD5",-,-,0.000000,F,F,144,144,0,0,F,-,607acc9b10be6aec81cb34022146465c,edccfe7c2306e6cf5f89081b3a3dc7a9f034dba0,-,-,-,-
1762176221.792555,FlzMEG36aLGTVtAf7a,CtRON33CRawedvpJpb,192.168.7.101,64515,23.55.110.68,443,SSL,0,"SHA1,MD5,OCSP_REPLY",application/ocsp-response,-,0.000000,F,F,1049,-,0,0,F,-,837445f3cdc8ad217ede245a915da847,990421fb059acca83176d022370f84425a7cbb78,-,-,-,-
1762176276.142332,Ffh6Vr3OZ7cnPEvd49,CQA0R33S5JnwAGU9k,192.168.7.101,50262,91.105.192.100,80,HTTP,0,"SHA1,MD5",-,-,0.000000,T,T,60,60,0,0,F,-,dc0f9b68d62306007170910a3f44c304,1c5b75cd2e51ce04b66da4a34a1a8c40b4851d21,-,-,-,-
1762176276.190430,F87XpE3oUALXwbr839,CQA0R33S5JnwAGU9k,192.168.7.101,50262,91.105.192.100,80,HTTP,0,"SHA1,MD5",-,-,0.000000,F,F,168,168,0,0,F,-,8b309bdd3e808853460c1b5f5a021815,e8a8982b05cb6dabf945edaf4d9a33f59c7dae68,-,-,-,-
1762176338.039183,FcP6D441va7clGNeZ1,CkBOmFv8uom7QOlb7,192.168.7.101,64843,4.175.223.124,443,SSL,0,"SHA1,MD5,OCSP_REPLY",application/ocsp-response,-,0.000000,F,F,1858,-,0,0,F,-,bc7c58cce6c0b18286a5f17510c32025,9cc53b97c2c578ad64a62a56f77ba9296d5fd765,-,-,-,-
1762176340.372037,FOGdpoFuo3z2Nq4J2,ChvuE63e7bQueI1M2,192.168.7.101,64844,4.175.223.124,443,SSL,0,"SHA1,MD5,OCSP_REPLY",application/ocsp-response,-,0.000000,F,F,1858,-,0,0,F,-,67adc09197f6081b56f8d3d0029cd9bb,a1baaee21b441ff955161d7d132066319a54cf5a,-,-,-,-
1762176447.084181,Fg6Aoi20gkbamkPtj7,CqUBnc1Cjohtxrgni6,192.168.7.101,56216,4.231.68.226,443,SSL,0,"SHA1,MD5,OCSP_REPLY",application/ocsp-response,-,0.000000,F,F,1858,-,0,0,F,-,0008ad829f2c305205aabaadc3027df0,8b002e999a7af5801206b476399dde5c071c0543,-,-,-,-
1762176467.138329,FohYM5Wu8TBW9Mazc,COZiQu2KdJBL7ujP3e,192.168.7.101,56218,52.123.128.14,443,SSL,0,"SHA1,MD5,OCSP_REPLY",application/ocsp-response,-,0.000000,F,F,1858,-,0,0,F,-,fb70ba141e82dfa933fc9dfef2cd5046,0ec2db0540bdcb3442107827a3bd6d50f63707b5,-,-,-,-
1762176511.584246,FmO9XH33RTYBA7fxJ,C9Sszj1twpNQyTUCt8,192.168.7.101,58385,4.175.223.124,443,SSL,0,"SHA1,MD5,OCSP_REPLY",application/ocsp-response,-,0.000000,F,F,1858,-,0,0,F,-,0008ad829f2c305205aabaadc3027df0,8b002e999a7af5801206b476399dde5c071c0543,-,-,-,-
